target,method,seed,split_id,n_te,n_pos,n_events,auc,ap,prevalence,lift,brier,brier_skill,auc_within_athlete,n_athletes_with_both,auc_between_athlete,n_athletes_test,thr_calibrated,f1_calibrated,precision_calibrated,recall_calibrated,f1_oracle,event_detection_rate,event_detection_ci
G2_3,Transformer,2026,,2388,23,23,0.6208107362809082,0.016796446541568207,0.009631490787269681,1.7439093191854296,0.05479905488737404,-4.744903422256928,0.6777907683590303,4,0.0,5,0.24976335096796717,0.02834008097165992,0.014861995753715499,0.30434782608695654,0.05555555555555555,0.30434782608695654,"(np.float64(0.15603828020972454), np.float64(0.5086612906057261))"
G3_2,AthleteRate,2026,,2874,36,36,0.5,0.012526096033402923,0.012526096033402923,1.0,0.046522907909997684,-2.761191865319866,0.5,4,0.375,5,0.19733333333333333,0.024742268041237112,0.012526096033402923,1.0,0.024742268041237112,1.0,"(np.float64(0.9035781695514236), 1.0)"
G2_1,DANN,2026,,2001,25,25,0.4811133603238867,0.012822223594015508,0.01249375312343828,1.0262907764650013,0.11077889469756533,-7.978923181132515,0.4912992451336721,4,1.0,5,0.41289979219436646,0.014285714285714285,0.007594936708860759,0.12,0.026330224904004388,0.12,"(np.float64(0.04166741357068093), np.float64(0.2995619218337349))"
G1_2,Transformer,2026,,2245,43,43,0.5759880024502038,0.02300083236826854,0.01915367483296214,1.2008574108549503,0.0696708146734861,-2.708495952144316,0.4906343247225815,4,1.0,5,0.2908929598507406,0.03278688524590164,0.017977528089887642,0.18604651162790697,0.04765450483991065,0.18604651162790697,"(np.float64(0.0974163558010598), np.float64(0.3261729323530596))"
G3_2,ProtoNet,2026,,2874,36,36,0.5064501605199279,0.047158952789435465,0.012526096033402923,3.764856397689931,0.281923214008522,-21.792369325345067,0.5814719711574212,4,0.25,5,0.6296049098968506,0.02321724709784411,0.012345679012345678,0.19444444444444445,0.09090909090909091,0.19444444444444445,"(np.float64(0.09752972019453349), np.float64(0.350283620635152))"
G1_0,ours,42,,2240,42,42,0.6539494778803241,0.04401867262323214,0.01875,2.3476625399057145,0.17500407750783842,-8.511898904884635,0.590673995612776,5,1.0,6,0.5012398362159729,0.06597938144329897,0.03611738148984198,0.38095238095238093,0.096,0.38095238095238093,"(np.float64(0.24999520898785943), np.float64(0.5318623178000363))"
G2_1,ProtoNet,42,,3023,53,53,0.6877707896575821,0.04778317217583558,0.017532252729077075,2.725443952595301,0.2081954969949516,-11.086910532734755,0.6542124968858908,4,0.0,5,0.5728410978277191,0.0732824427480916,0.03986710963455149,0.4528301886792453,0.10762331838565023,0.4528301886792453,"(np.float64(0.3265736816014746), np.float64(0.585462573535608))"
G3_4,LSTM,123,,1602,50,50,0.6218041237113403,0.05008247796812025,0.031210986267166042,1.604642594098573,0.08697284891212313,-1.8763848883952123,0.6660983638758421,4,,4,0.30272973349616045,0.08196721311475409,0.04746835443037975,0.3,0.08333333333333333,0.3,"(np.float64(0.1910338908960936), np.float64(0.4375061227736339))"
G3_2,DANN,123,,2599,30,30,0.4804852731283249,0.01995023752952181,0.011542901115813775,1.7283555779742394,0.11014224616918053,-8.653418380249473,0.5122930086402675,4,0.0,5,0.4126465618610382,0.026970954356846474,0.013918629550321198,0.43333333333333335,0.058823529411764705,0.43333333333333335,"(np.float64(0.2737723743061511), np.float64(0.6080299045459127))"
G3_3,GAT,123,,1378,15,15,0.580533137686476,0.043371499531203526,0.01088534107402032,3.984395090266564,0.07613417484938013,-6.071164904607009,0.6159232915489835,4,,4,0.29080030918121336,0.02768166089965398,0.014598540145985401,0.26666666666666666,0.13333333333333333,0.26666666666666666,"(np.float64(0.1089727610318281), np.float64(0.5195088965768675))"
G3_3,GAT,42,,3455,54,54,0.6629749420105198,0.03103351040320486,0.015629522431259046,1.9855699711680144,0.0676508387685326,-3.397125865219069,0.6688124422353221,4,,4,0.2718869646390279,0.05714285714285714,0.030837004405286344,0.3888888888888889,0.07258064516129033,0.3888888888888889,"(np.float64(0.2704174250997505), np.float64(0.5221194341849167))"
G2_3,Transformer,123,,2954,53,53,0.6136400590557584,0.04699381783414215,0.01794177386594448,2.6192403373972817,0.078122376651284,-3.4337666312513955,0.5872333669415717,4,1.0,5,0.3039521293507682,0.050314465408805034,0.0274442538593482,0.3018867924528302,0.058394160583941604,0.3018867924528302,"(np.float64(0.19518140287607166), np.float64(0.43537086869967556))"
G2_0,ours,2026,,3908,57,57,0.5314591334217131,0.01568869687164448,0.01458546571136131,1.075639076743625,0.23572337048569464,-15.400737514983266,0.5062384619865588,5,1.0,6,0.5051279664039612,0.026378896882494004,0.014157014157014158,0.19298245614035087,0.03418803418803419,0.19298245614035087,"(np.float64(0.11132633377760481), np.float64(0.3134093733701362))"
G2_0,GAT,123,,2139,30,30,0.6230757072862336,0.019312017781636083,0.014025245441795231,1.3769468678306527,0.07454837921344981,-4.390908249269172,0.5190493647824146,5,0.8,6,0.29857086103557823,0.03508771929824561,0.018779342723004695,0.26666666666666666,0.04540540540540541,0.26666666666666666,"(np.float64(0.14182495553910618), np.float64(0.4444830204431169))"
G2_1,GAT,2026,,2001,25,25,0.6030566801619432,0.016644733303349757,0.01249375312343828,1.3322444536001146,0.06441401958669161,-4.220927102006735,0.5950775714156962,4,0.75,5,0.2688227597706271,0.0380952380952381,0.020253164556962026,0.32,0.04,0.32,"(np.float64(0.17204987516891143), np.float64(0.5159008626542329))"
G1_4,ours,2026,,3348,28,28,0.6373493975903615,0.01273263287744962,0.008363201911589008,1.5224591026321903,0.2244527843792974,-26.064485834736658,0.6731471150219048,4,,4,0.5471177697181702,0.028985507246376812,0.015105740181268883,0.35714285714285715,0.03131115459882583,0.35714285714285715,"(np.float64(0.20705611972458876), np.float64(0.5417002241777278))"
G2_4,DANN,42,,3194,56,56,0.4879928070654648,0.016273435159523474,0.017532874139010644,0.9281669982056782,0.1026199674333088,-4.957454441446273,0.46847277604002907,4,,4,0.4044863283634186,0.020289855072463767,0.011041009463722398,0.125,0.03732162458836443,0.125,"(np.float64(0.06188990138969254), np.float64(0.23625720697639396))"
G3_2,XGBoost,123,,2599,30,30,0.5194239003503308,0.017962903901795634,0.011542901115813775,1.556186241358895,0.09617854648003671,-7.429569766989731,0.5914632055521696,4,0.0,5,0.38735857373402727,0.025688073394495414,0.013592233009708738,0.23333333333333334,0.057971014492753624,0.23333333333333334,"(np.float64(0.11792239210501232), np.float64(0.40928672330324267))"
G1_2,XGBoost,42,,3050,49,49,0.5138559255758284,0.024995067175745372,0.016065573770491802,1.555815405837212,0.12448598208384054,-6.875135827750793,0.5405091227929284,4,0.5,5,0.44232635576879814,0.030349013657056147,0.01639344262295082,0.20408163265306123,0.04395604395604396,0.20408163265306123,"(np.float64(0.11481727042813811), np.float64(0.33637270110943834))"
G1_2,AthleteRate,123,,3403,54,54,0.5,0.015868351454598882,0.015868351454598882,1.0,0.04903499922536919,-2.1399386568929284,0.5,4,0.375,5,0.1986754966887417,0.031240960370263235,0.015868351454598882,1.0,0.031240960370263235,1.0,"(np.float64(0.9335841332189981), 1.0)"
G1_0,GAT,2026,,4415,41,41,0.6457782684822733,0.020517901728281687,0.00928652321630804,2.209427710496674,0.06485880622846227,-6.049652850193428,0.5886742107435556,5,1.0,6,0.27351975608162765,0.023939064200217627,0.012528473804100227,0.2682926829268293,0.07407407407407407,0.2682926829268293,"(np.float64(0.15694805281336685), np.float64(0.41933825276002934))"
G2_2,XGBoost,42,,1867,14,14,0.5699252177935394,0.00947505883676928,0.007498660953401178,1.2635667748748747,0.11553647894606676,-14.524024121541757,0.518662516474158,4,0.75,5,0.4227646982975794,0.020887728459530026,0.01084010840108401,0.2857142857142857,0.023064250411861616,0.2857142857142857,"(np.float64(0.11721187910109099), np.float64(0.5464954117248438))"
G2_2,ours,123,,1751,19,19,0.669897897167862,0.017829670028794112,0.010850942318675044,1.643144853706236,0.21867283963195522,-19.373500212240614,0.7231210555929528,4,0.5,5,0.5161102414131165,0.02717391304347826,0.014326647564469915,0.2631578947368421,0.03680981595092025,0.2631578947368421,"(np.float64(0.11806238339540162), np.float64(0.48791968441070643))"
G3_1,LSTM,42,,3128,65,65,0.7107109671262463,0.04228027558204438,0.02078005115089514,2.0346569541636126,0.06284202152135714,-2.088327029313756,0.6610869977565195,4,1.0,5,0.2730323279922332,0.07256894049346879,0.04006410256410257,0.38461538461538464,0.09836065573770492,0.38461538461538464,"(np.float64(0.27594829385374525), np.float64(0.5061601986856494))"
G1_3,ours,123,,1395,21,21,0.6407083939835032,0.04404940814521658,0.015053763440860216,2.9261392553608156,0.19282277401494471,-12.004711263687279,0.6315786741074483,4,1.0,5,0.502795398235321,0.05333333333333334,0.02867383512544803,0.38095238095238093,0.07246376811594203,0.38095238095238093,"(np.float64(0.20750767797982506), np.float64(0.5912170418449848))"
G1_0,ProtoNet,42,,2240,42,42,0.6220048528965727,0.07364924396781056,0.01875,3.92795967828323,0.21119689517188617,-10.479066913801029,0.5534573483952722,5,1.0,6,0.5116979713846997,0.07010309278350516,0.03837471783295711,0.40476190476190477,0.11320754716981132,0.40476190476190477,"(np.float64(0.27042647671209086), np.float64(0.5550595447182258))"
G2_2,LSTM,42,,1867,14,14,0.5984118418009405,0.00948932008638181,0.007498660953401178,1.2654686143767744,0.07123540086086613,-8.571523135892045,0.5350896914697708,4,1.0,5,0.3130730119855123,0.015665796344647518,0.008130081300813009,0.21428571428571427,0.022540983606557378,0.21428571428571427,"(np.float64(0.0757124833691637), np.float64(0.4758972377320828))"
G2_4,AthleteRate,42,,3194,56,56,0.5,0.017532874139010644,0.017532874139010644,1.0,0.049897945747611125,-1.8967533896981505,0.5,4,,4,0.19828815977175462,0.03446153846153846,0.017532874139010644,1.0,0.03446153846153846,1.0,"(np.float64(0.9358038555118846), 1.0)"
G3_4,Transformer,42,,1697,16,16,0.6363027959547888,0.03602534755875643,0.009428403064230996,3.820938425450604,0.055874339108648224,-4.982578250823064,0.6552030178275693,4,,4,0.2798775260588702,0.03409090909090909,0.017857142857142856,0.375,0.07407407407407407,0.375,"(np.float64(0.18480982554752806), np.float64(0.613593529020652))"
G2_3,DANN,42,,2366,33,33,0.5433373598825807,0.030131027681286712,0.013947590870667794,2.1603033786037686,0.12244930316452136,-7.903425312001083,0.44994373335346954,4,1.0,5,0.36057981848716736,0.023809523809523808,0.012738853503184714,0.18181818181818182,0.03119777158774373,0.18181818181818182,"(np.float64(0.08610651225698263), np.float64(0.3438856704929522))"
G2_1,LSTM,2026,,2001,25,25,0.504574898785425,0.012234506198647232,0.01249375312343828,0.9792498761397245,0.0611447863699888,-3.955947080368855,0.4417301886032559,4,0.75,5,0.26867448608634364,0.01904761904761905,0.010126582278481013,0.16,0.03038309114927345,0.16,"(np.float64(0.06403347608577989), np.float64(0.34654013980238163))"
G2_3,LSTM,123,,2954,53,53,0.5753123516289114,0.0406083743353467,0.01794177386594448,2.263342222388946,0.0802452741804682,-3.554249809438323,0.5618327544765054,4,0.5,5,0.3048546605639988,0.03773584905660377,0.02058319039451115,0.22641509433962265,0.04794520547945205,0.22641509433962265,"(np.float64(0.13454499977265527), np.float64(0.35526528002242436))"
G2_4,Transformer,123,,3058,36,36,0.6344124567982939,0.022176053823847106,0.011772400261608895,1.8837325720367903,0.07321077628266742,-5.292931628628848,0.6230827734843103,4,,4,0.31331168966103073,0.04354587869362364,0.023064250411861616,0.3888888888888889,0.06060606060606061,0.3888888888888889,"(np.float64(0.24784655417822943), np.float64(0.5513582970325652))"
G1_3,ProtoNet,2026,,2401,53,53,0.6578702066793096,0.07263555440672044,0.022074135776759683,3.2905276628402977,0.24971617702579385,-10.567966852837205,0.7011861729659268,4,0.0,5,0.5423801917778818,0.09056603773584905,0.050314465408805034,0.4528301886792453,0.14814814814814814,0.4528301886792453,"(np.float64(0.3265736816014746), np.float64(0.585462573535608))"
G3_0,DANN,42,,1608,16,16,0.6205637562814069,0.025274115526437286,0.009950248756218905,2.5400486104069473,0.073928037994559,-6.504438851804468,0.5252073328943817,5,0.2,6,0.3323482871055603,0.03571428571428571,0.01875,0.375,0.08695652173913043,0.375,"(np.float64(0.18480982554752806), np.float64(0.613593529020652))"
G3_2,Transformer,123,,2599,30,30,0.4933956143765408,0.02051902183757263,0.011542901115813775,1.7776312585283756,0.08093048141403766,-6.0931529361103305,0.604983822964426,4,0.5,5,0.3210793430210692,0.022018348623853212,0.011650485436893204,0.2,0.06741573033707865,0.2,"(np.float64(0.09504978102401235), np.float64(0.37306047381027446))"
G3_4,GAT,123,,1602,50,50,0.6296134020618558,0.06126265856667981,0.031210986267166042,1.9628555804764212,0.07747117518045855,-1.562143477678216,0.6630893155721104,4,,4,0.2762454997600438,0.06557377049180328,0.0379746835443038,0.24,0.08898305084745763,0.24,"(np.float64(0.14297252401872207), np.float64(0.3741294937519236))"
G3_2,XGBoost,42,,4067,33,33,0.4475969411517255,0.01263045479731714,0.008114089009097615,1.5566078685057216,0.10463577354669662,-12.00105813731484,0.46371788860056423,4,0.0,5,0.40630129322580427,0.01652892561983471,0.0085995085995086,0.21212121212121213,0.06666666666666667,0.21212121212121213,"(np.float64(0.1067588656643618), np.float64(0.3775197758712936))"
G2_4,AthleteRate,2026,,2016,52,52,0.5,0.025793650793650792,0.025793650793650792,1.0,0.054244614512471666,-1.1587028043239864,0.5,4,,4,0.19642857142857142,0.05029013539651837,0.025793650793650792,1.0,0.05029013539651837,1.0,"(np.float64(0.9312054095871178), 1.0)"
G1_2,LSTM,123,,3403,54,54,0.5851166185594373,0.018597466792946857,0.015868351454598882,1.1719848054888549,0.0704561921485394,-3.51163709267927,0.5821518140559849,4,1.0,5,0.2839536546476629,0.030136986301369864,0.016272189349112426,0.2037037037037037,0.04020100502512563,0.2037037037037037,"(np.float64(0.1177393408658538), np.float64(0.32902561722659174))"
G1_4,DANN,123,,3626,49,49,0.6066878526641297,0.02548493407109159,0.013513513513513514,1.8858851212607777,0.09190579587749244,-5.894193674317102,0.522620573845951,4,,4,0.3803761303424835,0.03880983182406209,0.020718232044198894,0.30612244897959184,0.07207207207207207,0.30612244897959184,"(np.float64(0.1951532349314748), np.float64(0.4452815740069374))"
G1_1,Transformer,42,,5172,73,73,0.6273671711079529,0.019556294216029762,0.01411446249033256,1.3855500504836429,0.0647142132106675,-3.650598377529465,0.6775631218305916,4,0.0,5,0.26818278779060145,0.03460837887067395,0.018536585365853658,0.2602739726027397,0.041428571428571426,0.2602739726027397,"(np.float64(0.17342050231153916), np.float64(0.37109705068059007))"
G1_1,GAT,42,,5172,73,73,0.6061059514758467,0.02636684647868349,0.01411446249033256,1.8680730135308359,0.0746767732836809,-4.366544124420792,0.6420360005301649,4,0.0,5,0.2800968904358176,0.04553734061930783,0.024390243902439025,0.3424657534246575,0.04780876494023904,0.3424657534246575,"(np.float64(0.24394708089529715), np.float64(0.4567358824995307))"
G3_4,ProtoNet,42,,1697,16,16,0.6274167162403331,0.01983432895166297,0.009428403064230996,2.1036785144357535,0.18062412406300368,-18.33978948891116,0.5748689147914721,4,,4,0.6012073143790749,0.028409090909090908,0.01488095238095238,0.3125,0.05042016806722689,0.3125,"(np.float64(0.14164435051961052), np.float64(0.5559606813326594))"
G1_2,AthleteRate,42,,3050,49,49,0.5,0.016065573770491802,0.016065573770491802,1.0,0.049639344262295104,-2.140245768417331,0.5,4,1.0,5,0.2,0.03162310422717005,0.016065573770491802,1.0,0.03162310422717005,1.0,"(np.float64(0.9272997032640949), np.float64(0.9999999999999999))"
G3_1,DANN,42,,3128,65,65,0.5838870890780783,0.025389833052933203,0.02078005115089514,1.2218368890703855,0.08782077247897623,-3.315890208749268,0.5757522871899478,4,1.0,5,0.33588796854019165,0.04354136429608128,0.02403846153846154,0.23076923076923078,0.05327650506126798,0.23076923076923078,"(np.float64(0.14513708450988846), np.float64(0.3464493980820327))"
G1_1,LSTM,2026,,3006,39,39,0.6767519639107101,0.021769308263931905,0.012974051896207584,1.6779112984969053,0.0756223022186735,-4.905350697422186,0.6688084794289539,4,1.0,5,0.2921679656516965,0.04120443740095087,0.02195945945945946,0.3333333333333333,0.0425531914893617,0.3333333333333333,"(np.float64(0.20632766106915157), np.float64(0.4902289567975947))"
G3_2,LSTM,2026,,2874,36,36,0.5727037820061076,0.016111058751058296,0.012526096033402923,1.2861995236261539,0.08147864653057714,-5.58722415032493,0.6378091024958757,4,0.0,5,0.30941967487335204,0.026533996683250415,0.014109347442680775,0.2222222222222222,0.036734693877551024,0.2222222222222222,"(np.float64(0.11716192974839595), np.float64(0.38085019827859085))"
G1_3,DANN,123,,1395,21,21,0.5934705760033271,0.023336086235494047,0.015053763440860216,1.5501828713578187,0.10087846513429853,-5.803632602515189,0.5111686136441513,4,0.5,5,0.3925013542175293,0.02,0.010752688172043012,0.14285714285714285,0.05555555555555555,0.14285714285714285,"(np.float64(0.04980921798213492), np.float64(0.346364941492295))"
G2_2,DANN,42,,1867,14,14,0.5219335440598257,0.008811675179484831,0.007498660953401178,1.1750998257212986,0.12119245606141199,-15.283987779517656,0.577185999647161,4,0.25,5,0.3991919159889221,0.010443864229765013,0.005420054200542005,0.14285714285714285,0.020356234096692113,0.14285714285714285,"(np.float64(0.040093073737921175), np.float64(0.39941907763863693))"
G2_4,LSTM,123,,3058,36,36,0.6388888888888888,0.021178474636206406,0.011772400261608895,1.7989937621533107,0.07911402029319875,-5.800352978758437,0.6236466171841633,4,,4,0.3457991936408968,0.03421461897356143,0.018121911037891267,0.3055555555555556,0.041379310344827586,0.3055555555555556,"(np.float64(0.18004270282805354), np.float64(0.46856578679083716))"
G2_2,DANN,123,,1751,19,19,0.5529962319192901,0.013879759671725295,0.010850942318675044,1.2791294307995258,0.11096909717565719,-9.338864802165492,0.5951962445384327,4,1.0,5,0.4037345051765442,0.021739130434782608,0.011461318051575931,0.21052631578947367,0.04,0.21052631578947367,"(np.float64(0.08507538491591576), np.float64(0.43334714240266087))"
G1_4,ours,123,,3626,49,49,0.5824856081655474,0.02992520439763276,0.013513513513513514,2.214465125424824,0.19586898162174105,-13.692856758365119,0.5172923637537656,4,,4,0.5028311014175415,0.04139715394566624,0.022099447513812154,0.32653061224489793,0.08888888888888889,0.32653061224489793,"(np.float64(0.21207321329264214), np.float64(0.4662105631259371))"
G3_1,GAT,2026,,3344,41,41,0.6566905178588571,0.02870162620175006,0.012260765550239234,2.3409326346012733,0.0635735768808452,-4.249485666418871,0.6251343431424564,4,0.75,5,0.2801617651022042,0.048295454545454544,0.02564102564102564,0.4146341463414634,0.07868852459016394,0.4146341463414634,"(np.float64(0.2775633082533015), np.float64(0.5663316464316339))"
G3_1,Transformer,123,,2690,28,28,0.7101266502092949,0.027014689192370586,0.010408921933085501,2.5953397831241745,0.04375326599661495,-3.247652249625757,0.6204902944261851,4,0.75,5,0.23947135380990373,0.038869257950530034,0.020446096654275093,0.39285714285714285,0.08275862068965517,0.39285714285714285,"(np.float64(0.23565451827580033), np.float64(0.575912739650937))"
G1_3,ProtoNet,42,,2186,21,21,0.7242934125151215,0.02229805581193249,0.00960658737419945,2.3211214288040205,0.23814005373479205,-24.029695550794287,0.6705667765228922,4,0.75,5,0.5356520817789969,0.039301310043668124,0.020594965675057208,0.42857142857142855,0.05194805194805195,0.42857142857142855,"(np.float64(0.24469699486521043), np.float64(0.6345378370296754))"
G2_3,LSTM,42,,2366,33,33,0.5809401343049007,0.03194594366618051,0.013947590870667794,2.290427354975245,0.06762577093867152,-3.917145178931558,0.5007618547133031,4,0.75,5,0.2753968432142927,0.031746031746031744,0.016985138004246284,0.24242424242424243,0.05263157894736842,0.24242424242424243,"(np.float64(0.12831561346647294), np.float64(0.4102494868549029))"
G1_3,XGBoost,42,,2186,21,21,0.6106895414054767,0.024000780047240565,0.00960658737419945,2.4983669134889466,0.1018671658455477,-9.706742136607739,0.5535686472331407,4,0.75,5,0.412243178042793,0.03056768558951965,0.016018306636155607,0.3333333333333333,0.1,0.3333333333333333,"(np.float64(0.17194536432683688), np.float64(0.5462692434278971))"
G1_2,GAT,42,,3050,49,49,0.6675121898142795,0.026610395835972883,0.016065573770491802,1.6563613734636184,0.06939332796742287,-3.389906993022401,0.6310551504872249,4,1.0,5,0.27052971720695496,0.05454545454545454,0.029459901800327332,0.3673469387755102,0.052554744525547446,0.3673469387755102,"(np.float64(0.24664982524781226), np.float64(0.5073318861311014))"
G2_4,XGBoost,123,,3058,36,36,0.6502684020883888,0.01995076507402448,0.011772400261608895,1.694706655454635,0.1197425232180707,-9.292631084000938,0.6455125932971799,4,,4,0.44061955638591516,0.04665629860031104,0.02471169686985173,0.4166666666666667,0.053691275167785234,0.4166666666666667,"(np.float64(0.2714033350508729), np.float64(0.5780003033572231))"
G3_0,LSTM,42,,1608,16,16,0.5227701005025126,0.015894897202583608,0.009950248756218905,1.5974371688596527,0.05767709170745272,-4.854804477569842,0.42470046423321745,5,0.0,6,0.2698751810739732,0.023809523809523808,0.0125,0.25,0.058823529411764705,0.25,"(np.float64(0.10181901984237346), np.float64(0.49498768929398645))"
G2_3,ProtoNet,2026,,2388,23,23,0.4954131813585808,0.014218883586100503,0.009631490787269681,1.4762910436351306,0.20437586361822743,-20.42590963913855,0.5283986025960546,4,0.25,5,0.5030732261478353,0.024291497975708502,0.012738853503184714,0.2608695652173913,0.05263157894736842,0.2608695652173913,"(np.float64(0.1254844588924897), np.float64(0.4647039054375056))"
G2_3,XGBoost,42,,2366,33,33,0.5048643312681033,0.01435443682121634,0.013947590870667794,1.029169621787814,0.09952068334302831,-6.236259809118253,0.4741653875633114,4,0.5,5,0.3861915372212685,0.027777777777777776,0.014861995753715499,0.21212121212121213,0.0326975476839237,0.21212121212121213,"(np.float64(0.1067588656643618), np.float64(0.3775197758712936))"
G3_3,ours,2026,,3128,25,25,0.6348952626490494,0.01695121946166658,0.0079923273657289,2.1209365790437222,0.22151658841550842,-26.939456827937942,0.6189189692595594,4,,4,0.5139840245246887,0.03110419906687403,0.016181229773462782,0.4,0.036290322580645164,0.4,"(np.float64(0.23403057664190918), np.float64(0.5926087221487266))"
G1_0,ours,2026,,4415,41,41,0.6520180222378356,0.01791958221263585,0.00928652321630804,1.929633060214324,0.20578823226781093,-21.367596360514074,0.5974540750671745,5,0.8,6,0.5083256959915161,0.028291621327529923,0.014806378132118452,0.3170731707317073,0.046875,0.3170731707317073,"(np.float64(0.19564433205311735), np.float64(0.46984485655745856))"
G2_1,GAT,123,,3494,57,57,0.6555747821692725,0.030863379847599362,0.01631368059530624,1.8918710383774064,0.07122725975448782,-3.438514571888673,0.6528755116439535,4,0.5,5,0.28484471440315245,0.06878306878306878,0.03719599427753934,0.45614035087719296,0.0646900269541779,0.45614035087719296,"(np.float64(0.3337239950481139), np.float64(0.5840953916872776))"
G2_4,ours,2026,,2016,52,52,0.6858060473131757,0.05962958525608231,0.025793650793650792,2.311793151466576,0.20551631770587553,-7.178667234588074,0.6908533836556952,4,,4,0.48594722151756287,0.07589285714285714,0.04292929292929293,0.3269230769230769,0.09667673716012085,0.3269230769230769,"(np.float64(0.2152190173110406), np.float64(0.46244064860111084))"
G3_4,GAT,42,,1697,16,16,0.5757733491969066,0.07377784432756153,0.009428403064230996,7.825062613991995,0.05818918992727463,-5.230433999675595,0.5691574756669493,4,,4,0.2816698183031643,0.017045454545454544,0.008928571428571428,0.1875,0.11764705882352941,0.1875,"(np.float64(0.06591478773586765), np.float64(0.4300935986845823))"
G1_1,AthleteRate,2026,,3006,39,39,0.5,0.012974051896207584,0.012974051896207584,1.0,0.04663351454540467,-2.6416143064201956,0.5,4,0.5,5,0.19689737470167065,0.02561576354679803,0.012974051896207584,1.0,0.02561576354679803,1.0,"(np.float64(0.9103301463997611), 1.0)"
G3_2,GAT,123,,2599,30,30,0.4804593226936551,0.012828670010006411,0.011542901115813775,1.1113904452002221,0.06754071901963539,-4.919607063378127,0.5517858498419973,4,0.5,5,0.27927925508555534,0.01834862385321101,0.009708737864077669,0.16666666666666666,0.04395604395604396,0.16666666666666666,"(np.float64(0.07336434240351683), np.float64(0.33564705185680177))"
G3_2,ours,123,,2599,30,30,0.5065654599714544,0.013737700694264799,0.011542901115813775,1.190142803479807,0.266529349135663,-22.359967744529982,0.5987595281740793,4,0.25,5,0.5674206018447876,0.029357798165137616,0.015533980582524271,0.26666666666666666,0.029227557411273485,0.26666666666666666,"(np.float64(0.14182495553910618), np.float64(0.4444830204431169))"
G1_3,Transformer,42,,2186,21,21,0.7933135378862861,0.05966329467041941,0.00960658737419945,6.210664864263659,0.059701424856273985,-5.274914549928328,0.7267399138495156,4,1.0,5,0.28409684075278485,0.05240174672489083,0.02745995423340961,0.5714285714285714,0.13333333333333333,0.5714285714285714,"(np.float64(0.3654621629703244), np.float64(0.7553030051347894))"
G3_1,Transformer,2026,,3344,41,41,0.6117941560886999,0.017847438886126173,0.012260765550239234,1.4556545276879493,0.06942085852554579,-4.732315525731356,0.5767315961898686,4,0.75,5,0.3078084212838778,0.036931818181818184,0.0196078431372549,0.3170731707317073,0.04171240395170143,0.3170731707317073,"(np.float64(0.19564433205311735), np.float64(0.46984485655745856))"
G3_1,XGBoost,123,,2690,28,28,0.5934984437050553,0.02156821470299273,0.010408921933085501,2.0720891982518017,0.0750079578232826,-6.281918584376075,0.5141030558518076,4,0.75,5,0.3438598954032735,0.024734982332155476,0.013011152416356878,0.25,0.08695652173913043,0.25,"(np.float64(0.12676334942200781), np.float64(0.433560252407046))"
G1_0,AthleteRate,42,,2240,42,42,0.5,0.01875,0.01875,1.0,0.0503718024985128,-1.737830454271608,0.5,5,0.3,6,0.1975609756097561,0.03680981595092025,0.01875,1.0,0.03680981595092025,1.0,"(np.float64(0.9161983874908382), 1.0)"
G2_0,AthleteRate,2026,,3908,57,57,0.5,0.01458546571136131,0.01458546571136131,1.0,0.04832513956419418,-2.3622798101615485,0.5,5,0.3,6,0.1988472622478386,0.0287515762925599,0.01458546571136131,1.0,0.0287515762925599,1.0,"(np.float64(0.936858991216536), np.float64(0.9999999999999999))"
G1_1,AthleteRate,123,,3572,52,52,0.5,0.014557670772676373,0.014557670772676373,1.0,0.04787195081049898,-2.33701392498965,0.5,4,0.125,5,0.1976592977893368,0.02869757174392936,0.014557670772676373,1.0,0.02869757174392936,1.0,"(np.float64(0.9312054095871178), 1.0)"
G3_2,DANN,2026,,2874,36,36,0.5046296296296295,0.012959355140902538,0.012526096033402923,1.0345885187487194,0.09369555912357384,-6.574912889665928,0.563366895272797,4,0.0,5,0.40985751152038574,0.01658374792703151,0.008818342151675485,0.1388888888888889,0.029118773946360154,0.1388888888888889,"(np.float64(0.060817253631150966), np.float64(0.2865985128039319))"
G1_1,DANN,2026,,3006,39,39,0.5756224451876627,0.016411185755285253,0.012974051896207584,1.2649237020612172,0.10816897931487,-7.446922914213795,0.5890685034186792,4,1.0,5,0.39816656708717346,0.028526148969889066,0.015202702702702704,0.23076923076923078,0.0330188679245283,0.23076923076923078,"(np.float64(0.1264566242878376), np.float64(0.38336560457382957))"
G3_3,LSTM,123,,1378,15,15,0.5503056982147224,0.02495249737947202,0.01088534107402032,2.2923027592608296,0.054437678890457884,-4.056044873672203,0.4765212266364421,4,,4,0.2544566929340363,0.03460207612456748,0.01824817518248175,0.3333333333333333,0.10526315789473684,0.3333333333333333,"(np.float64(0.15176100694691236), np.float64(0.5828687484878701))"
G3_0,GAT,42,,1608,16,16,0.5696058417085427,0.012821147563045412,0.009950248756218905,1.288525330086064,0.05684311958741156,-4.770147925756317,0.554215623079529,5,0.4,6,0.2547476973759352,0.023809523809523808,0.0125,0.25,0.02768166089965398,0.25,"(np.float64(0.10181901984237346), np.float64(0.49498768929398645))"
G3_3,XGBoost,42,,3455,54,54,0.47095625469633123,0.014753184187972139,0.015629522431259046,0.9439305809156248,0.11849478932451092,-6.701848380848878,0.4796871358348049,4,,4,0.4275143799536839,0.00816326530612245,0.004405286343612335,0.05555555555555555,0.032382963745160157,0.05555555555555555,"(np.float64(0.019072922503838907), np.float64(0.15107451463482943))"
G2_2,ProtoNet,42,,1867,14,14,0.5454089892837869,0.009183177519942545,0.007498660953401178,1.2246423164094808,0.2419151500972276,-31.504856126252974,0.42483910819423354,4,1.0,5,0.570700996827871,0.015665796344647518,0.008130081300813009,0.21428571428571427,0.022222222222222223,0.21428571428571427,"(np.float64(0.0757124833691637), np.float64(0.4758972377320828))"
G1_1,ours,42,,5172,73,73,0.6299113175562224,0.02405141233575202,0.01411446249033256,1.7040260904179376,0.24464271307663685,-16.580913806444443,0.6379612841539686,4,0.0,5,0.5429331064224243,0.051001821493624776,0.027317073170731707,0.3835616438356164,0.05845511482254697,0.3835616438356164,"(np.float64(0.2805043940267184), np.float64(0.4982612745694586))"
G2_4,LSTM,42,,3194,56,56,0.5762485204406811,0.022943940802504104,0.017532874139010644,1.3086240521999664,0.08074530176639894,-3.687552224636706,0.5843986341005047,4,,4,0.32246986520443427,0.034782608695652174,0.01892744479495268,0.21428571428571427,0.048726467331118496,0.21428571428571427,"(np.float64(0.127057803147445), np.float64(0.33819713656004946))"
G2_0,Transformer,123,,2139,30,30,0.6996048680259207,0.058252457458619344,0.014025245441795231,4.153400216799559,0.052293876023992956,-2.7815911039034544,0.5642136983666831,5,1.0,6,0.25092898116899776,0.05701754385964912,0.03051643192488263,0.43333333333333335,0.10256410256410256,0.43333333333333335,"(np.float64(0.2737723743061511), np.float64(0.6080299045459127))"
G1_2,AthleteRate,2026,,2245,43,43,0.5,0.01915367483296214,0.01915367483296214,1.0,0.05078425974719894,-1.703186730164716,0.5,4,0.375,5,0.1980319803198032,0.037587412587412584,0.01915367483296214,1.0,0.037587412587412584,1.0,"(np.float64(0.9179874299767729), 1.0)"
G2_1,Transformer,123,,3494,57,57,0.603816057455247,0.019415790645677757,0.01631368059530624,1.19015390378944,0.07225041410786696,-3.502272261324122,0.5977490572125653,4,1.0,5,0.28461951613426206,0.021164021164021163,0.011444921316165951,0.14035087719298245,0.05076820307281229,0.14035087719298245,"(np.float64(0.07287189227128286), np.float64(0.253247078958928))"
G2_3,DANN,123,,2954,53,53,0.5545712929178617,0.02317634212502933,0.01794177386594448,1.2917531063648424,0.12063895160440073,-5.846757369406689,0.5314927359306718,4,1.0,5,0.40428540110588074,0.040880503144654086,0.022298456260720412,0.24528301886792453,0.04603580562659847,0.24528301886792453,"(np.float64(0.14932762711854577), np.float64(0.3756681506217008))"
G3_0,GAT,123,,5686,61,61,0.6209821493624772,0.01957654818151268,0.010728104115371086,1.824791032132477,0.07165596126286063,-5.751708370364141,0.6173130193798525,5,0.2,6,0.2901146355473879,0.03185247275775356,0.01678445229681979,0.3114754098360656,0.05806451612903226,0.3114754098360656,"(np.float64(0.20937273683536856), np.float64(0.43591670697847934))"
G2_3,AthleteRate,2026,,2388,23,23,0.5,0.009631490787269681,0.009631490787269681,1.0,0.04473856954158893,-3.6902042707596427,0.5,4,0.625,5,0.19724770642201836,0.01907922024056408,0.009631490787269681,1.0,0.01907922024056408,1.0,"(np.float64(0.8568788745827374), 1.0)"
G2_1,ours,2026,,2001,25,25,0.5471052631578947,0.01754410555199817,0.01249375312343828,1.4042302083819336,0.22425875237095416,-17.176766573928195,0.5875291150213274,4,0.0,5,0.4792425036430359,0.02857142857142857,0.015189873417721518,0.24,0.047619047619047616,0.24,"(np.float64(0.11496157730326725), np.float64(0.43430059955238565))"
G3_0,Transformer,42,,1608,16,16,0.5262052449748744,0.011421663054156976,0.009950248756218905,1.147877136942776,0.05708664042238699,-4.7948677379519005,0.42009989476848913,5,0.0,6,0.2558559816264542,0.017857142857142856,0.009375,0.1875,0.024096385542168676,0.1875,"(np.float64(0.06591478773586765), np.float64(0.4300935986845823))"
G3_4,DANN,42,,1697,16,16,0.6075624628197501,0.017238369206191696,0.009428403064230996,1.8283445339317068,0.0588453879379671,-5.300694444982492,0.6133272940177392,4,,4,0.3001979887485504,0.028409090909090908,0.01488095238095238,0.3125,0.05555555555555555,0.3125,"(np.float64(0.14164435051961052), np.float64(0.5559606813326594))"
G1_1,ProtoNet,123,,3572,52,52,0.7490548513986014,0.047543345431641945,0.014557670772676373,3.2658621131120196,0.23644509915572928,-15.481897541664086,0.7615805842792269,4,0.25,5,0.5603309314024619,0.0712401055408971,0.03824362606232295,0.5192307692307693,0.10482180293501048,0.5192307692307693,"(np.float64(0.3868545397052721), np.float64(0.6489610529711556))"
G2_0,AthleteRate,42,,2946,39,39,0.5,0.013238289205702648,0.013238289205702648,1.0,0.04746877029254481,-2.633823485241564,0.5,5,0.5,6,0.19872611464968154,0.02613065326633166,0.013238289205702648,1.0,0.02613065326633166,1.0,"(np.float64(0.9103301463997611), 1.0)"
G1_0,AthleteRate,123,,3419,28,28,0.5,0.008189529102076631,0.008189529102076631,1.0,0.043888792728951256,-4.403386272711719,0.5,5,0.8,6,0.19730941704035873,0.01624601102407891,0.008189529102076631,1.0,0.01624601102407891,1.0,"(np.float64(0.8793527963418923), 1.0)"
G3_2,Transformer,2026,,2874,36,36,0.5218072194816381,0.01984938295225641,0.012526096033402923,1.58464240568847,0.07898236560578004,-5.385409776940021,0.6258457129238116,4,0.25,5,0.3249223563671112,0.029850746268656716,0.015873015873015872,0.25,0.06593406593406594,0.25,"(np.float64(0.13750323839225387), np.float64(0.41070767683203424))"
G1_2,DANN,123,,3403,54,54,0.6495471284960685,0.023593130304403173,0.015868351454598882,1.486804118997852,0.1439745966815338,-8.219361861374894,0.6262617582140041,4,1.0,5,0.48867282271385193,0.043835616438356165,0.023668639053254437,0.2962962962962963,0.051996285979572884,0.2962962962962963,"(np.float64(0.19137265695067046), np.float64(0.42827825173788586))"
G2_3,GAT,123,,2954,53,53,0.6140107835294271,0.04498119207235892,0.01794177386594448,2.507064931731099,0.07224140156923257,-3.099997073850302,0.6335655846067505,4,1.0,5,0.2800994829999076,0.03773584905660377,0.02058319039451115,0.22641509433962265,0.05527123848515865,0.22641509433962265,"(np.float64(0.13454499977265527), np.float64(0.35526528002242436))"
G3_3,AthleteRate,42,,3455,54,54,0.5,0.015629522431259046,0.015629522431259046,1.0,0.04826949936146095,-2.1373899866882473,0.5,4,,4,0.19696969696969696,0.030777999430037048,0.015629522431259046,1.0,0.030777999430037048,1.0,"(np.float64(0.9335841332189981), 1.0)"
G1_3,XGBoost,2026,,2401,53,53,0.4778695638198708,0.021967085331626224,0.022074135776759683,0.9951504128534824,0.119920790109581,-4.555265748003138,0.5633230947641796,4,0.0,5,0.4336905835725224,0.033962264150943396,0.018867924528301886,0.16981132075471697,0.044783715012722644,0.16981132075471697,"(np.float64(0.09199841772223752), np.float64(0.29225536823734133))"
G1_4,LSTM,123,,3626,49,49,0.5982096500887188,0.02251922780774277,0.013513513513513514,1.666422857772965,0.06905160435753892,-4.179816239203877,0.5194602088240066,4,,4,0.28627677693330184,0.03622250970245795,0.019337016574585635,0.2857142857142857,0.05,0.2857142857142857,"(np.float64(0.1784943493972417), np.float64(0.4240914920610033))"
G2_3,Transformer,42,,2366,33,33,0.5790177817610307,0.027116265228296965,0.013947590870667794,1.9441540463682006,0.061691198103133914,-3.4856357735342316,0.4845579169899947,4,0.75,5,0.27541461103671305,0.023809523809523808,0.012738853503184714,0.18181818181818182,0.05263157894736842,0.18181818181818182,"(np.float64(0.08610651225698263), np.float64(0.3438856704929522))"
G2_4,ours,123,,3058,36,36,0.5893539966173984,0.015146364423548674,0.011772400261608895,1.2865995113114401,0.21802303845344842,-17.740466146078695,0.6116591067674823,4,,4,0.5087930560112,0.03421461897356143,0.018121911037891267,0.3055555555555556,0.03187250996015936,0.3055555555555556,"(np.float64(0.18004270282805354), np.float64(0.46856578679083716))"
G2_4,ProtoNet,42,,3194,56,56,0.5536681689884367,0.0191805458717672,0.017532874139010644,1.0939761341861507,0.2988176107907568,-16.347426111245635,0.5705083174704556,4,,4,0.5982226324659612,0.028985507246376812,0.015772870662460567,0.17857142857142858,0.04468085106382979,0.17857142857142858,"(np.float64(0.09999749741344179), np.float64(0.2984143097574895))"
G1_3,ours,42,,2186,21,21,0.7535686792037831,0.025990284666125064,0.00960658737419945,2.705464870483304,0.2175831803711454,-21.86906665322411,0.7317504358013134,4,1.0,5,0.5304763913154602,0.043668122270742356,0.02288329519450801,0.47619047619047616,0.058823529411764705,0.47619047619047616,"(np.float64(0.28343712296762946), np.float64(0.6763078209973324))"
G3_4,ProtoNet,123,,1602,50,50,0.5683762886597938,0.04072105284926261,0.031210986267166042,1.3047025332903741,0.28760562278538854,-8.5117554218932,0.5847048733755346,4,,4,0.6428254956540909,0.08743169398907104,0.05063291139240506,0.32,0.08771929824561403,0.32,"(np.float64(0.20758044093999403), np.float64(0.45810557136276076))"
G1_3,XGBoost,123,,1395,21,21,0.5777708463297982,0.02240471589454365,0.015053763440860216,1.4883132701375423,0.10955122096439648,-6.388556691524213,0.5485685493839023,4,1.0,5,0.4170349068316481,0.04,0.021505376344086023,0.2857142857142857,0.0594059405940594,0.2857142857142857,"(np.float64(0.13813675745628204), np.float64(0.49956773822837586))"
G1_2,XGBoost,2026,,2245,43,43,0.6404009040407241,0.030837277819260118,0.01915367483296214,1.6099927605636968,0.09635239990501779,-4.128725517302317,0.5724138714571508,4,0.75,5,0.3863127335869851,0.05737704918032787,0.03146067415730337,0.32558139534883723,0.0707070707070707,0.32558139534883723,"(np.float64(0.2049311518177982), np.float64(0.47484067493449045))"
G1_4,DANN,2026,,3348,28,28,0.5289371772805508,0.009055462963547572,0.008363201911589008,1.0827746429270455,0.09312562433577047,-10.229074959601787,0.5547200192098266,4,,4,0.439288467168808,0.011379800853485065,0.005925925925925926,0.14285714285714285,0.02214022140221402,0.14285714285714285,"(np.float64(0.056989129307017855), np.float64(0.31490173044877334))"
G1_0,XGBoost,42,,2240,42,42,0.6499848346982104,0.033741707457870106,0.01875,1.7995577310864057,0.08313550268796693,-3.5186175558640196,0.6001839677410955,5,1.0,6,0.35022272712412084,0.061855670103092786,0.033860045146726865,0.35714285714285715,0.0711743772241993,0.35714285714285715,"(np.float64(0.22988992501626865), np.float64(0.5083391071292063))"
G2_0,DANN,2026,,3908,57,57,0.5513764936881284,0.0186852960413393,0.01458546571136131,1.2810901215711226,0.13362358293691184,-8.297021780421579,0.5404865203142202,5,0.8,6,0.46696731448173523,0.026378896882494004,0.014157014157014158,0.19298245614035087,0.036036036036036036,0.19298245614035087,"(np.float64(0.11132633377760481), np.float64(0.3134093733701362))"
G1_2,ProtoNet,2026,,2245,43,43,0.5622478507910357,0.027049874950408385,0.01915367483296214,1.4122550991550424,0.2546869562249357,-12.556688703161834,0.4988364995563859,4,1.0,5,0.5701939056720241,0.04918032786885246,0.02696629213483146,0.27906976744186046,0.06896551724137931,0.27906976744186046,"(np.float64(0.16746451821827157), np.float64(0.42691312900129397))"
G1_0,ProtoNet,123,,3419,28,28,0.7124320680793698,0.019021905290373498,0.008189529102076631,2.3227105067066782,0.22540536855021007,-26.750872113105732,0.6961138299446902,5,0.8,6,0.5454610428467993,0.03982930298719772,0.02074074074074074,0.5,0.05,0.5,"(np.float64(0.3263284683244634), np.float64(0.6736715316755366))"
G3_0,GAT,2026,,2044,42,42,0.648589505732363,0.03252872369934501,0.02054794520547945,1.5830645533681238,0.07441806956776814,-2.6976586734418317,0.6717396283627537,5,0.2,6,0.2810803154407678,0.066815144766147,0.036855036855036855,0.35714285714285715,0.07203389830508475,0.35714285714285715,"(np.float64(0.22988992501626865), np.float64(0.5083391071292063))"
G3_0,Transformer,123,,5686,61,61,0.6307497267759562,0.020536863410841585,0.010728104115371086,1.9143050058040207,0.06888724706950074,-5.490829157176572,0.6093188589662819,5,0.4,6,0.28672462065243026,0.03185247275775356,0.01678445229681979,0.3114754098360656,0.0653061224489796,0.3114754098360656,"(np.float64(0.20937273683536856), np.float64(0.43591670697847934))"
G3_1,ProtoNet,42,,3128,65,65,0.7587885180441497,0.05287566394481355,0.02078005115089514,2.5445396433750274,0.19943900329479664,-8.80128980041465,0.6803384663433713,4,1.0,5,0.5679208548424431,0.08708272859216255,0.04807692307692308,0.46153846153846156,0.1268882175226586,0.46153846153846156,"(np.float64(0.34590137149936684), np.float64(0.5814681260137647))"
G2_0,XGBoost,42,,2946,39,39,0.5579635362917097,0.014993465332258553,0.013238289205702648,1.1325833043290692,0.12089277863723386,-8.25456917254679,0.5915021573997226,5,0.8,6,0.4330769251757207,0.0192,0.010238907849829351,0.15384615384615385,0.03762376237623762,0.15384615384615385,"(np.float64(0.07247373845051469), np.float64(0.2972976986573431))"
G1_1,XGBoost,2026,,3006,39,39,0.5269589415191034,0.016860207463370774,0.012974051896207584,1.2995329137151936,0.12109298557903903,-8.45615943791689,0.5052882561167753,4,0.75,5,0.4409097426193034,0.028526148969889066,0.015202702702702704,0.23076923076923078,0.05813953488372093,0.23076923076923078,"(np.float64(0.1264566242878376), np.float64(0.38336560457382957))"
G3_3,ProtoNet,2026,,3128,25,25,0.6283338704479535,0.015806245543648685,0.0079923273657289,1.9776774424213233,0.15499846756016286,-18.549655507833407,0.5864265089490192,4,,4,0.4988048325414243,0.03421461897356143,0.01779935275080906,0.44,0.04597701149425287,0.44,"(np.float64(0.2666537494700256), np.float64(0.6293298298043557))"
G1_3,ProtoNet,123,,1395,21,21,0.6028626880155264,0.03424520292540392,0.015053763440860216,2.2748599086161176,0.21680967656879102,-13.622480447937253,0.5717123560632402,4,1.0,5,0.5554039888246611,0.04,0.021505376344086023,0.2857142857142857,0.13043478260869565,0.2857142857142857,"(np.float64(0.13813675745628204), np.float64(0.49956773822837586))"
G2_0,DANN,42,,2946,39,39,0.5729847494553376,0.016296895191988594,0.013238289205702648,1.2310423906563692,0.1135540727363044,-7.692777457915694,0.5946303862861991,5,1.0,6,0.43147727847099304,0.0288,0.015358361774744027,0.23076923076923078,0.03911342894393742,0.23076923076923078,"(np.float64(0.1264566242878376), np.float64(0.38336560457382957))"
G2_4,GAT,42,,3194,56,56,0.5298757170172084,0.017924249720687714,0.017532874139010644,1.0223223858549386,0.08293222738828261,-3.814511042545809,0.5396956850768613,4,,4,0.3072176883887292,0.028985507246376812,0.015772870662460567,0.17857142857142858,0.03855721393034826,0.17857142857142858,"(np.float64(0.09999749741344179), np.float64(0.2984143097574895))"
G2_4,GAT,123,,3058,36,36,0.573010883153173,0.015375875597511739,0.011772400261608895,1.306095210477525,0.0665079824831203,-4.716783891327317,0.552760729367148,4,,4,0.2806418030487926,0.03421461897356143,0.018121911037891267,0.3055555555555556,0.03585147247119078,0.3055555555555556,"(np.float64(0.18004270282805354), np.float64(0.46856578679083716))"
G2_0,LSTM,2026,,3908,57,57,0.5962588892381564,0.019340430253597628,0.01458546571136131,1.3260070426501671,0.08067900907123945,-4.613339262967366,0.5734430290519871,5,0.8,6,0.3259558170089117,0.03597122302158273,0.019305019305019305,0.2631578947368421,0.0411522633744856,0.2631578947368421,"(np.float64(0.1664564242184771), np.float64(0.3897682641526373))"
G3_3,DANN,42,,3455,54,54,0.5904254739891317,0.02250430321199266,0.015629522431259046,1.4398586592117524,0.10360858441383448,-5.734284373673065,0.5901210593839408,4,,4,0.4209515452384949,0.05714285714285714,0.030837004405286344,0.3888888888888889,0.05913978494623656,0.3888888888888889,"(np.float64(0.2704174250997505), np.float64(0.5221194341849167))"
G1_4,LSTM,2026,,3348,28,28,0.5678141135972461,0.010377290920153364,0.008363201911589008,1.2408275000240523,0.06743213239467669,-7.130957239174915,0.6213228228010361,4,,4,0.2890966142831224,0.017391304347826087,0.00906344410876133,0.21428571428571427,0.022779043280182234,0.21428571428571427,"(np.float64(0.10212321701189422), np.float64(0.3953894707927388))"
G3_3,ours,123,,1378,15,15,0.551186109073123,0.013132321668309183,0.01088534107402032,1.2064226172620036,0.2090821188672214,-18.419060415899473,0.6418541813444846,4,,4,0.5156936645507812,0.01384083044982699,0.0072992700729927005,0.13333333333333333,0.028037383177570093,0.13333333333333333,"(np.float64(0.0373604698913593), np.float64(0.3788249920651624))"
G3_2,LSTM,42,,4067,33,33,0.45302053755201993,0.008488499719991664,0.008114089009097615,1.046143283672912,0.07014137300150489,-7.7151080105188345,0.4804885540893676,4,0.25,5,0.29342766404151915,0.014167650531286895,0.007371007371007371,0.18181818181818182,0.024691358024691357,0.18181818181818182,"(np.float64(0.08610651225698263), np.float64(0.3438856704929522))"
G1_2,ProtoNet,123,,3403,54,54,0.6336772723753912,0.02140302735495526,0.015868351454598882,1.3487870757206066,0.28089905912392243,-16.98727089551444,0.6150338172155227,4,1.0,5,0.6447574839686716,0.03287671232876712,0.01775147928994083,0.2222222222222222,0.047941636268890045,0.2222222222222222,"(np.float64(0.13195287989578958), np.float64(0.34938926831587813))"
G2_4,Transformer,2026,,2016,52,52,0.7261328920570266,0.06300134135765481,0.025793650793650792,2.4425135418660022,0.05909750602964397,-1.3518270549312308,0.7191816652166959,4,,4,0.25288792167391094,0.10267857142857142,0.05808080808080808,0.4423076923076923,0.12,0.4423076923076923,"(np.float64(0.31594847188588093), np.float64(0.5766047500848361))"
G2_1,LSTM,42,,3023,53,53,0.7306714948224382,0.0440732874456205,0.017532252729077075,2.513840527322845,0.06359436405773966,-2.6920077515927296,0.6744779410801814,4,0.25,5,0.26571936525550544,0.07938931297709924,0.04318936877076412,0.49056603773584906,0.10852713178294573,0.49056603773584906,"(np.float64(0.36124029356039444), np.float64(0.6211669574670219))"
G3_0,XGBoost,42,,1608,16,16,0.5380025125628141,0.012180136481274497,0.009950248756218905,1.224103716368087,0.07482957034522073,-6.595953446023271,0.4566122721999195,5,0.2,6,0.34270625849917113,0.011904761904761904,0.00625,0.125,0.03636363636363636,0.125,"(np.float64(0.034976749337057134), np.float64(0.3602333143674828))"
G1_0,XGBoost,2026,,4415,41,41,0.5172694525299163,0.011556376810056593,0.00928652321630804,1.244424478448777,0.08794673850224057,-8.559133320518342,0.5448454435361565,5,0.4,6,0.3671808193970996,0.017410228509249184,0.009111617312072893,0.1951219512195122,0.03076923076923077,0.1951219512195122,"(np.float64(0.10234315749205929), np.float64(0.34013882352556724))"
G1_4,ours,42,,2767,19,19,0.6594844097142418,0.01754020911902314,0.0068666425731839535,2.55440834907037,0.18944899086667333,-26.780514533701286,0.6310465275213414,4,,4,0.478542298078537,0.024518388791593695,0.012681159420289856,0.3684210526315789,0.0684931506849315,0.3684210526315789,"(np.float64(0.19149272376273843), np.float64(0.5896084250184328))"
G2_2,XGBoost,123,,1751,19,19,0.5947489972043272,0.013406553070073036,0.010850942318675044,1.235519706615678,0.12791778382109614,-10.917954695310094,0.5844589889092403,4,1.0,5,0.4593139721406994,0.016304347826086956,0.008595988538681949,0.15789473684210525,0.03273809523809524,0.15789473684210525,"(np.float64(0.055203710399278266), np.float64(0.3756592764317668))"
G3_4,DANN,123,,1602,50,50,0.5147809278350515,0.03130471455828429,0.031210986267166042,1.0030030544474287,0.11836742718924415,-2.9146731779405277,0.567216961823346,4,,4,0.3777482211589813,0.0546448087431694,0.03164556962025317,0.2,0.06712734452122408,0.2,"(np.float64(0.11243629945973886), np.float64(0.3303737210448524))"
G3_2,LSTM,123,,2599,30,30,0.5396911898274297,0.01349259504329651,0.011542901115813775,1.1689084839175876,0.07950679677291889,-5.96837408003775,0.6233824849919889,4,0.0,5,0.306371616980104,0.025688073394495414,0.013592233009708738,0.23333333333333334,0.027571580063626724,0.23333333333333334,"(np.float64(0.11792239210501232), np.float64(0.40928672330324267))"
G3_4,XGBoost,2026,,2565,40,40,0.5250594059405941,0.029716105953611606,0.015594541910331383,1.9055452942753444,0.09005626569089338,-4.866340937031365,0.5301727632024014,4,,4,0.37317826924769754,0.036231884057971016,0.01953125,0.25,0.11650485436893204,0.25,"(np.float64(0.14186967895549518), np.float64(0.40194259066970106))"
G2_0,GAT,42,,2946,39,39,0.6338899032397485,0.030182271412609187,0.013238289205702648,2.2799223482447863,0.07017070232399775,-4.371699003563293,0.6811706049322145,5,0.8,6,0.2838246607856386,0.048,0.025597269624573378,0.38461538461538464,0.05555555555555555,0.38461538461538464,"(np.float64(0.24891162547007065), np.float64(0.5410121868992154))"
G2_1,XGBoost,123,,3494,57,57,0.6057302114757362,0.02328480743667668,0.01631368059530624,1.427317845328918,0.1061832995457572,-5.616794243518098,0.6349899313196282,4,0.75,5,0.3919602479325977,0.06084656084656084,0.032904148783977114,0.40350877192982454,0.059895833333333336,0.40350877192982454,"(np.float64(0.28617323526539984), np.float64(0.5330294155524615))"
G2_0,LSTM,42,,2946,39,39,0.5812936060614078,0.015549969038886481,0.013238289205702648,1.1746207381681941,0.0718473527040973,-4.500049737955539,0.6189266493941028,5,0.6,6,0.30157756843384664,0.0192,0.010238907849829351,0.15384615384615385,0.03742690058479532,0.15384615384615385,"(np.float64(0.07247373845051469), np.float64(0.2972976986573431))"
G3_3,DANN,123,,1378,15,15,0.5016385424309122,0.017004118483461002,0.01088534107402032,1.5621116846806173,0.05722738342890312,-4.315146136219576,0.47419928992109267,4,,4,0.26625552773475647,0.02768166089965398,0.014598540145985401,0.26666666666666666,0.05333333333333334,0.26666666666666666,"(np.float64(0.1089727610318281), np.float64(0.5195088965768675))"
G1_4,ProtoNet,123,,3626,49,49,0.5696656073667935,0.038401246842863966,0.013513513513513514,2.8416922663719335,0.2186872624518018,-15.404540399809129,0.511248322809991,4,,4,0.5541984497963846,0.03363518758085381,0.017955801104972375,0.2653061224489796,0.04830917874396135,0.2653061224489796,"(np.float64(0.1621113124514944), np.float64(0.4026255615265835))"
G2_4,XGBoost,42,,3194,56,56,0.5930927342256214,0.027274542734743775,0.017532874139010644,1.5556230266923505,0.11517452876935683,-5.686291421836624,0.5876200314331174,4,,4,0.4240087885447483,0.05217391304347826,0.028391167192429023,0.32142857142857145,0.06417112299465241,0.32142857142857145,"(np.float64(0.21400827887722298), np.float64(0.45177605843996116))"
G1_4,AthleteRate,123,,3626,49,49,0.5,0.013513513513513514,0.013513513513513514,1.0,0.04791636644918499,-2.594383872270369,0.5,4,,4,0.1994851994851995,0.02666666666666667,0.013513513513513514,1.0,0.02666666666666667,1.0,"(np.float64(0.9272997032640949), np.float64(0.9999999999999999))"
G3_3,LSTM,42,,3455,54,54,0.6220065993661995,0.024440350070959283,0.015629522431259046,1.5637298054660058,0.07851550533571763,-4.103300500289102,0.6423718190586966,4,,4,0.29264546434084576,0.05170068027210884,0.027900146842878122,0.35185185185185186,0.05228758169934641,0.35185185185185186,"(np.float64(0.23822831722420018), np.float64(0.4851541618220226))"
G1_4,AthleteRate,42,,2767,19,19,0.5,0.0068666425731839535,0.0068666425731839535,1.0,0.04387066216257665,-5.4331277893597605,0.5,4,,4,0.19935344827586207,0.013639626704953339,0.0068666425731839535,1.0,0.013639626704953339,1.0,"(np.float64(0.8318156346315496), 1.0)"
G3_2,XGBoost,2026,,2874,36,36,0.6218972672461044,0.022297621664656937,0.012526096033402923,1.7800934628951122,0.09501432382768414,-6.681529765097843,0.6490744775457425,4,0.0,5,0.3827441467784719,0.03980099502487562,0.021164021164021163,0.3333333333333333,0.06557377049180328,0.3333333333333333,"(np.float64(0.20214424774586046), np.float64(0.49666302907033155))"
G3_0,ProtoNet,123,,5686,61,61,0.623399635701275,0.019233910382949245,0.010728104115371086,1.7928526956958921,0.2881096048559404,-26.146827652654405,0.5892648790454553,5,0.4,6,0.6303080777520115,0.036881810561609385,0.019434628975265017,0.36065573770491804,0.05333333333333334,0.36065573770491804,"(np.float64(0.25173936505814554), np.float64(0.48608326732600293))"
G3_3,Transformer,123,,1378,15,15,0.5849841036928345,0.04160893970118228,0.01088534107402032,3.822474593881946,0.058805528969308504,-4.461720619777764,0.584668054899474,4,,4,0.25279658794403076,0.03460207612456748,0.01824817518248175,0.3333333333333333,0.12121212121212122,0.3333333333333333,"(np.float64(0.15176100694691236), np.float64(0.5828687484878701))"
G3_4,ours,123,,1602,50,50,0.5806056701030928,0.04093902050195895,0.031210986267166042,1.3116862168827648,0.22580428340008138,-6.467848146070908,0.589246751838374,4,,4,0.5212914943695068,0.060109289617486336,0.03481012658227848,0.22,0.08288288288288288,0.22,"(np.float64(0.12753786224302288), np.float64(0.35241815689459555))"
G3_4,XGBoost,42,,1697,16,16,0.6636302795954789,0.0581393874004678,0.009428403064230996,6.1664087761621165,0.0724541008674381,-6.757806802682779,0.6643380534141065,4,,4,0.32768099974216747,0.045454545454545456,0.023809523809523808,0.5,0.22857142857142856,0.5,"(np.float64(0.2799923761135083), np.float64(0.7200076238864916))"
G1_1,GAT,2026,,3006,39,39,0.6958163732683449,0.030183632931753232,0.012974051896207584,2.3264615536628264,0.06293739614539305,-3.914785523804868,0.6464341408156448,4,1.0,5,0.2621611557314106,0.04754358161648178,0.02533783783783784,0.38461538461538464,0.08333333333333333,0.38461538461538464,"(np.float64(0.24891162547007065), np.float64(0.5410121868992154))"
G3_2,ProtoNet,42,,4067,33,33,0.5149562055858535,0.02557160391568246,0.008114089009097615,3.1515064583357746,0.31086477615909097,-37.62513642032801,0.5488032904435078,4,0.25,5,0.7314034461975097,0.018890200708382526,0.009828009828009828,0.24242424242424243,0.08695652173913043,0.24242424242424243,"(np.float64(0.12831561346647294), np.float64(0.4102494868549029))"
G3_1,ProtoNet,123,,2690,28,28,0.692792744445637,0.027630765922774993,0.010408921933085501,2.654527154723741,0.18374563170397726,-16.83838367464245,0.5806691480240014,4,0.5,5,0.5050317721391304,0.045936395759717315,0.024163568773234202,0.4642857142857143,0.09302325581395349,0.4642857142857143,"(np.float64(0.29531303739659587), np.float64(0.6418760485789833))"
G2_2,AthleteRate,42,,1867,14,14,0.5,0.007498660953401178,0.007498660953401178,1.0,0.04358028603818669,-4.855651979807295,0.5,4,0.0,5,0.19759825327510916,0.014885699096225412,0.007498660953401178,1.0,0.014885699096225412,1.0,"(np.float64(0.7846829880728186), 1.0)"
G1_1,XGBoost,42,,5172,73,73,0.5385745794904722,0.016229136217409394,0.01411446249033256,1.1498231851567313,0.10016900966376344,-6.198508808328391,0.5483870712495325,4,0.0,5,0.39739876410459335,0.029143897996357013,0.015609756097560976,0.2191780821917808,0.03525264394829612,0.2191780821917808,"(np.float64(0.13966002654277956), np.float64(0.3267748212480004))"
G1_0,LSTM,2026,,4415,41,41,0.621750476764027,0.022834483253113224,0.00928652321630804,2.4588839893291436,0.0717503964605276,-6.7987156459333296,0.5473010160466766,5,1.0,6,0.29282984464633754,0.028291621327529923,0.014806378132118452,0.3170731707317073,0.07643312101910828,0.3170731707317073,"(np.float64(0.19564433205311735), np.float64(0.46984485655745856))"
G3_3,LSTM,2026,,3128,25,25,0.56,0.01368033217488733,0.0079923273657289,1.7116831617219026,0.06894973601744585,-7.696496215189441,0.5103209180042455,4,,4,0.28910231882740994,0.01866251944012442,0.009708737864077669,0.24,0.0392156862745098,0.24,"(np.float64(0.11496157730326725), np.float64(0.43430059955238565))"
G2_3,GAT,42,,2366,33,33,0.6060476171920663,0.04863585685449683,0.013947590870667794,3.4870435550830154,0.06512338763428917,-3.735194099776523,0.5669874976473753,4,1.0,5,0.27637707381635096,0.015873015873015872,0.008492569002123142,0.12121212121212122,0.058823529411764705,0.12121212121212122,"(np.float64(0.04816083267584231), np.float64(0.2732584325026516))"
G2_4,LSTM,2026,,2016,52,52,0.6958571596428011,0.057624946224449136,0.025793650793650792,2.234074838240182,0.07837254554628088,-2.118890886649552,0.6500844034768541,4,,4,0.28613997037921635,0.10267857142857142,0.05808080808080808,0.4423076923076923,0.12643678160919541,0.4423076923076923,"(np.float64(0.31594847188588093), np.float64(0.5766047500848361))"
G3_2,Transformer,42,,4067,33,33,0.47189795826384817,0.008114026196996901,0.008114089009097615,0.9999922588844363,0.061371369653413915,-6.625429791223288,0.48898713060005805,4,0.25,5,0.2749185383319855,0.01652892561983471,0.0085995085995086,0.21212121212121213,0.018494055482166448,0.21212121212121213,"(np.float64(0.1067588656643618), np.float64(0.3775197758712936))"
G3_2,DANN,42,,4067,33,33,0.455867550066856,0.007597703161454183,0.008114089009097615,0.9363593562919443,0.08516193360200291,-9.58142174819083,0.46779699503747046,4,0.0,5,0.35404932498931885,0.01652892561983471,0.0085995085995086,0.21212121212121213,0.017135862913096694,0.21212121212121213,"(np.float64(0.1067588656643618), np.float64(0.3775197758712936))"
G2_1,Transformer,42,,3023,53,53,0.7502509370433899,0.06021476462452383,0.017532252729077075,3.4345138388667085,0.06799735110801697,-2.9476257227863236,0.7126922698372432,4,0.0,5,0.27761888929775785,0.0916030534351145,0.04983388704318937,0.5660377358490566,0.10227272727272728,0.5660377358490566,"(np.float64(0.4326511497976876), np.float64(0.6904980930103964))"
G3_3,XGBoost,2026,,3128,25,25,0.41142120528520787,0.0074421874697659695,0.0079923273657289,0.931166496217118,0.08970955609759529,-10.314891979741073,0.40077272930066626,4,,4,0.3737146691156255,0.006220839813374806,0.003236245954692557,0.08,0.031007751937984496,0.08,"(np.float64(0.02221993369109193), np.float64(0.24966512122957818))"
G3_1,AthleteRate,42,,3128,65,65,0.5,0.02078005115089514,0.02078005115089514,1.0,0.05222831887750674,-1.5667240642506073,0.5,4,1.0,5,0.19932998324958123,0.04071406201064829,0.02078005115089514,1.0,0.04071406201064829,1.0,"(np.float64(0.9441965323292892), np.float64(0.9999999999999999))"
G2_1,DANN,42,,3023,53,53,0.6705863668127819,0.03400768661802452,0.017532252729077075,1.9397214461563799,0.09693510047652722,-4.627623574249779,0.6119706186778736,4,0.0,5,0.39856719970703125,0.07938931297709924,0.04318936877076412,0.49056603773584906,0.08108108108108109,0.49056603773584906,"(np.float64(0.36124029356039444), np.float64(0.6211669574670219))"
G2_0,GAT,2026,,3908,57,57,0.5733530137991043,0.01735263931803474,0.01458546571136131,1.1897213062259608,0.06968556343103605,-3.8484570369975177,0.5461106745121601,5,1.0,6,0.2790307099434416,0.023980815347721823,0.01287001287001287,0.17543859649122806,0.03882476390346275,0.17543859649122806,"(np.float64(0.09818747133596609), np.float64(0.2936759905059315))"
G3_1,AthleteRate,2026,,3344,41,41,0.5,0.012260765550239234,0.012260765550239234,1.0,0.046632144683302984,-2.8505742026783296,0.5,4,0.75,5,0.19806094182825484,0.024224519940915804,0.012260765550239234,1.0,0.024224519940915804,1.0,"(np.float64(0.9143295511310926), 1.0)"
G3_4,LSTM,42,,1697,16,16,0.6513236168947055,0.051889373525457264,0.009428403064230996,5.503516679543811,0.05636342308711567,-5.034945459439451,0.6338929286606575,4,,4,0.2845632668102489,0.03977272727272727,0.020833333333333332,0.4375,0.08,0.4375,"(np.float64(0.2309836333518552), np.float64(0.6682180439322347))"
G1_0,XGBoost,123,,3419,28,28,0.5570417491679656,0.015213535019413436,0.008189529102076631,1.857681293977662,0.10486837885251989,-11.910912410663117,0.5508836666012631,5,0.4,6,0.4115356041030332,0.01991465149359886,0.01037037037037037,0.25,0.05555555555555555,0.25,"(np.float64(0.12676334942200781), np.float64(0.433560252407046))"
G2_1,XGBoost,42,,3023,53,53,0.6870402134553079,0.038801839759190826,0.017532252729077075,2.2131690866421487,0.0704302404978013,-3.0888685297384644,0.6549398910001323,4,0.75,5,0.31282143078547225,0.07022900763358779,0.03820598006644518,0.4339622641509434,0.08235294117647059,0.4339622641509434,"(np.float64(0.30950190698960345), np.float64(0.5673488502023123))"
G3_2,ProtoNet,123,,2599,30,30,0.507681328662255,0.017209744911575276,0.011542901115813775,1.490937567506138,0.3212829512469603,-27.158847805448545,0.6408224219190096,4,0.5,5,0.6348434542628977,0.03302752293577982,0.017475728155339806,0.3,0.06666666666666667,0.3,"(np.float64(0.16664562643958933), np.float64(0.4787612101166018))"
G1_2,ours,123,,3403,54,54,0.6341915220685003,0.025539968531584824,0.015868351454598882,1.6094909798700585,0.24063769478844982,-14.409148814280755,0.6089283366578633,4,1.0,5,0.5504321455955505,0.0410958904109589,0.022189349112426034,0.2777777777777778,0.046975924838520255,0.2777777777777778,"(np.float64(0.1761667544821121), np.float64(0.4089069640872221))"
G1_2,ours,42,,3050,49,49,0.6437037994138008,0.022953544109890034,0.016065573770491802,1.4287410109217267,0.22915710875658862,-13.496759612157621,0.6125125906414369,4,1.0,5,0.5368457436561584,0.036418816388467376,0.019672131147540985,0.24489795918367346,0.04943820224719101,0.24489795918367346,"(np.float64(0.14602203389475285), np.float64(0.38086587260315785))"
G2_0,Transformer,2026,,3908,57,57,0.5905916440022413,0.01732809954589186,0.01458546571136131,1.1880388250060594,0.09246866592096045,-5.433618843161698,0.5656579438593381,5,0.8,6,0.34573466092433985,0.03357314148681055,0.018018018018018018,0.24561403508771928,0.037333333333333336,0.24561403508771928,"(np.float64(0.1523270046544784), np.float64(0.3710254384107928))"
G3_0,XGBoost,2026,,2044,42,42,0.5706317492031778,0.03523243837654602,0.02054794520547945,1.71464533432524,0.09738975688988251,-3.839067733950433,0.5000514585201733,5,0.2,6,0.37723523584929164,0.053452115812917596,0.029484029484029485,0.2857142857142857,0.0728744939271255,0.2857142857142857,"(np.float64(0.1716685874457567), np.float64(0.43567496077245566))"
G1_3,AthleteRate,123,,1395,21,21,0.5,0.015053763440860216,0.015053763440860216,1.0,0.0489515431884229,-2.301480794110025,0.5,4,0.5,5,0.19978165938864628,0.029661016949152543,0.015053763440860216,1.0,0.029661016949152543,1.0,"(np.float64(0.8453561767357979), np.float64(0.9999999999999999))"
G2_2,Transformer,123,,1751,19,19,0.6227057250516591,0.014760193179640583,0.010850942318675044,1.3602683293447715,0.06656547960509138,-5.201830163932471,0.6391872881375287,4,0.5,5,0.29350610658273857,0.016304347826086956,0.008595988538681949,0.15789473684210525,0.031982942430703626,0.15789473684210525,"(np.float64(0.055203710399278266), np.float64(0.3756592764317668))"
G2_4,DANN,2026,,2016,52,52,0.5507059768134106,0.029190827392542622,0.025793650793650792,1.1317059235262679,0.11819261981386957,-3.7035589087638865,0.5215205836423652,4,,4,0.41010040044784546,0.044642857142857144,0.025252525252525252,0.19230769230769232,0.06016597510373444,0.19230769230769232,"(np.float64(0.10795930648521072), np.float64(0.31899121069194747))"
G1_4,XGBoost,2026,,3348,28,28,0.6458584337349398,0.014587274672131048,0.008363201911589008,1.7442212715105267,0.10510659039565867,-11.67373819740038,0.6448084476200736,4,,4,0.41629039919992095,0.04057971014492753,0.021148036253776436,0.5,0.04154302670623145,0.5,"(np.float64(0.3263284683244634), np.float64(0.6736715316755366))"
G2_3,ours,123,,2954,53,53,0.5834520302042887,0.030307190236060787,0.01794177386594448,1.6891969803268598,0.21026902768303818,-10.933633338987871,0.5870115240308197,4,1.0,5,0.5040709376335144,0.025157232704402517,0.0137221269296741,0.1509433962264151,0.04743083003952569,0.1509433962264151,"(np.float64(0.07852324257781651), np.float64(0.2705450454365954))"
G3_4,Transformer,123,,1602,50,50,0.5553994845360825,0.033715358956634814,0.031210986267166042,1.0802401009705795,0.08101997136444967,-1.6795100333712516,0.6243505084421684,4,,4,0.28721060959428074,0.0273224043715847,0.015822784810126583,0.1,0.07393364928909953,0.1,"(np.float64(0.04347512399157111), np.float64(0.2136049033478839))"
G3_3,DANN,2026,,3128,25,25,0.5618175958749598,0.01015599106686593,0.0079923273657289,1.2707176022862652,0.10037069990489084,-11.659561330560303,0.4395985429583661,4,,4,0.3646564185619354,0.024883359253499222,0.012944983818770227,0.32,0.021520803443328552,0.32,"(np.float64(0.17204987516891143), np.float64(0.5159008626542329))"
G1_0,DANN,2026,,4415,41,41,0.6249790892970658,0.01872002271958166,0.00928652321630804,2.015826836754952,0.08447490201138609,-8.18177142571342,0.6013609810990244,5,0.8,6,0.39065730571746826,0.03264417845484222,0.017084282460136675,0.36585365853658536,0.056962025316455694,0.36585365853658536,"(np.float64(0.23589630416936816), np.float64(0.5187957674783876))"
G1_1,Transformer,2026,,3006,39,39,0.7039312782487707,0.025071952158016636,0.012974051896207584,1.932468927871744,0.06812127151636263,-4.3195947023033465,0.6880832076502714,4,1.0,5,0.2977374427927422,0.044374009508716325,0.02364864864864865,0.358974358974359,0.051118210862619806,0.358974358974359,"(np.float64(0.22741884696491105), np.float64(0.515821368153105))"
G2_2,ProtoNet,2026,,3083,38,38,0.6045631319678507,0.016564085202184164,0.012325656827765165,1.3438703862719414,0.2483870289839574,-19.403518620104556,0.564496563253091,4,0.75,5,0.5985352145167347,0.02773497688751926,0.014729950900163666,0.23684210526315788,0.034782608695652174,0.23684210526315788,"(np.float64(0.12993561496969508), np.float64(0.39207119165337856))"
G1_3,LSTM,123,,1395,21,21,0.6946697165037776,0.08941479809618731,0.015053763440860216,5.9396973021038715,0.06789388130896154,-3.5790251048129154,0.6959829761840596,4,1.0,5,0.290227353637916,0.05333333333333334,0.02867383512544803,0.38095238095238093,0.1935483870967742,0.38095238095238093,"(np.float64(0.20750767797982506), np.float64(0.5912170418449848))"
G3_1,XGBoost,2026,,3344,41,41,0.507070438551797,0.011844766034690521,0.012260765550239234,0.9660706736586611,0.10166863285535943,-7.395123525909693,0.4515448614875846,4,0.75,5,0.404693585131342,0.022727272727272728,0.012066365007541479,0.1951219512195122,0.02972027972027972,0.1951219512195122,"(np.float64(0.10234315749205929), np.float64(0.34013882352556724))"
G3_4,XGBoost,123,,1602,50,50,0.5735309278350517,0.05635464930085506,0.031210986267166042,1.8056029635993962,0.12993555632872686,-3.2972568492818297,0.5765623495851894,4,,4,0.4520650924595511,0.07103825136612021,0.04113924050632911,0.26,0.11538461538461539,0.26,"(np.float64(0.15871379651367384), np.float64(0.3955342198899992))"
G3_1,XGBoost,42,,3128,65,65,0.5559255631733595,0.030592608787015706,0.02078005115089514,1.4722104659351558,0.09776931351067747,-3.80480427336124,0.5243661803581773,4,0.75,5,0.3869135735885844,0.04934687953555878,0.027243589743589744,0.26153846153846155,0.08184143222506395,0.26153846153846155,"(np.float64(0.17018055060319132), np.float64(0.3795103339782245))"
G3_3,ProtoNet,123,,1378,15,15,0.48672046955245785,0.030884372429696244,0.01088534107402032,2.837244347208095,0.20241422535255535,-17.79976199043099,0.45177623874531747,4,,4,0.47791912317276003,0.020761245674740483,0.010948905109489052,0.2,0.14814814814814814,0.2,"(np.float64(0.07047420643610414), np.float64(0.4518593533465045))"
G2_4,DANN,123,,3058,36,36,0.6047135818810206,0.015475454252100708,0.011772400261608895,1.3145538639701102,0.09547918322386491,-7.207042767382292,0.6171408422251551,4,,4,0.3617551922798157,0.03732503888024884,0.019769357495881382,0.3333333333333333,0.036585365853658534,0.3333333333333333,"(np.float64(0.20214424774586046), np.float64(0.49666302907033155))"
G2_2,GAT,123,,1751,19,19,0.7121672541631214,0.020344185786326928,0.010850942318675044,1.8748773322030763,0.08338628963462145,-6.769005937949404,0.7413482515820371,4,0.75,5,0.3146238561067204,0.04891304347826087,0.025787965616045846,0.47368421052631576,0.04784688995215311,0.47368421052631576,"(np.float64(0.27329505487448547), np.float64(0.6829251748817489))"
G2_2,LSTM,123,,1751,19,19,0.505743284307767,0.010564665681149499,0.010850942318675044,0.9736173477733038,0.07804859163000577,-6.271698674674527,0.5549553227426687,4,1.0,5,0.32021879358480204,0.010869565217391304,0.0057306590257879654,0.10526315789473684,0.028862478777589132,0.10526315789473684,"(np.float64(0.029357941395096593), np.float64(0.313945504948417))"
G3_2,ours,2026,,2874,36,36,0.48476528854435835,0.01247534968557766,0.012526096033402923,0.9959487498986166,0.2336854162272641,-17.892535442071775,0.6460350802853159,4,0.25,5,0.5105082392692566,0.01658374792703151,0.008818342151675485,0.1388888888888889,0.026685393258426966,0.1388888888888889,"(np.float64(0.060817253631150966), np.float64(0.2865985128039319))"
G1_1,ours,2026,,3006,39,39,0.6793445853102071,0.023338333837788883,0.012974051896207584,1.7988469619588048,0.22116163528474553,-16.270527064822716,0.636643202701676,4,1.0,5,0.5001286268234253,0.044374009508716325,0.02364864864864865,0.358974358974359,0.05844155844155844,0.358974358974359,"(np.float64(0.22741884696491105), np.float64(0.515821368153105))"
G1_4,XGBoost,42,,2767,19,19,0.673791465563472,0.025241140753535223,0.0068666425731839535,3.6759071823701035,0.09666650330560175,-13.175030374763317,0.6541035192451653,4,,4,0.3843981052590205,0.024518388791593695,0.012681159420289856,0.3684210526315789,0.075,0.3684210526315789,"(np.float64(0.19149272376273843), np.float64(0.5896084250184328))"
G3_1,GAT,123,,2690,28,28,0.6789873349790705,0.022574342989292027,0.010408921933085501,2.1687493800426987,0.059968114174606554,-4.821821280708254,0.5633537041203428,4,0.75,5,0.28617542356290826,0.04240282685512368,0.022304832713754646,0.42857142857142855,0.06722689075630252,0.42857142857142855,"(np.float64(0.2650829618073122), np.float64(0.609295210143846))"
G2_1,ProtoNet,2026,,2001,25,25,0.527914979757085,0.017445663074018434,0.01249375312343828,1.3963508724444356,0.25138512719778155,-19.37543118795636,0.599100319091048,4,0.25,5,0.5203105444553698,0.014285714285714285,0.007594936708860759,0.12,0.05660377358490566,0.12,"(np.float64(0.04166741357068093), np.float64(0.2995619218337349))"
G3_3,ProtoNet,42,,3455,54,54,0.6533971489866814,0.02971585730100204,0.015629522431259046,1.9012645736104083,0.2955648416012497,-18.21093416595967,0.6615450849213991,4,,4,0.6686250964800516,0.05714285714285714,0.030837004405286344,0.3888888888888889,0.06896551724137931,0.3888888888888889,"(np.float64(0.2704174250997505), np.float64(0.5221194341849167))"
G2_2,GAT,42,,1867,14,14,0.6731169532032997,0.015486476062984004,0.007498660953401178,2.065232200685081,0.05849577559009791,-6.859767231550099,0.6515821273575149,4,1.0,5,0.26670599901259734,0.031331592689295036,0.016260162601626018,0.42857142857142855,0.0392156862745098,0.42857142857142855,"(np.float64(0.21380509930400526), np.float64(0.6740973309713064))"
G3_4,LSTM,2026,,2565,40,40,0.6567128712871286,0.03125369036138278,0.015594541910331383,2.004142894423671,0.06595057501308696,-3.2960759593116524,0.6650150611205641,4,,4,0.2812922665452033,0.043478260869565216,0.0234375,0.3,0.06896551724137931,0.3,"(np.float64(0.18074670915695296), np.float64(0.454303106543204))"
G2_3,LSTM,2026,,2388,23,23,0.6928761834727456,0.022237843352917945,0.009631490787269681,2.3088682576855675,0.057945708012694136,-5.074785358094328,0.6695242136041952,4,0.0,5,0.262726938779201,0.02834008097165992,0.014861995753715499,0.30434782608695654,0.045112781954887216,0.30434782608695654,"(np.float64(0.15603828020972454), np.float64(0.5086612906057261))"
G3_2,GAT,2026,,2874,36,36,0.5352067183462532,0.014348436573514355,0.012526096033402923,1.1454835197855626,0.08042428704730618,-5.501983384221628,0.6086272626064894,4,0.5,5,0.3037603653271993,0.01990049751243781,0.010582010582010581,0.16666666666666666,0.02894736842105263,0.16666666666666666,"(np.float64(0.07870340628564097), np.float64(0.3189111473467432))"
G1_4,GAT,123,,3626,49,49,0.5817153811482659,0.023707329016110716,0.013513513513513514,1.7543423471921928,0.07277295894933258,-4.458968811048563,0.5063939557435564,4,,4,0.2860582851765239,0.03880983182406209,0.020718232044198894,0.30612244897959184,0.05235602094240838,0.30612244897959184,"(np.float64(0.1951532349314748), np.float64(0.4452815740069374))"
G1_0,DANN,42,,2240,42,42,0.614665930066294,0.03265236163019705,0.01875,1.7414592869438428,0.09244279371650872,-4.02449154807351,0.6019269693412841,5,1.0,6,0.3838466703891754,0.05360824742268041,0.029345372460496615,0.30952380952380953,0.09142857142857143,0.30952380952380953,"(np.float64(0.1907092651972273), np.float64(0.46026277766340595))"
G2_0,XGBoost,123,,2139,30,30,0.6477793583056741,0.02906257999694279,0.014025245441795231,2.072161953782021,0.09275446212235931,-5.707467020580611,0.5750175431689329,5,0.6,6,0.3686960911281611,0.043859649122807015,0.023474178403755867,0.3333333333333333,0.06451612903225806,0.3333333333333333,"(np.float64(0.19230295526846194), np.float64(0.5122027418616973))"
G1_1,LSTM,42,,5172,73,73,0.6202532325704475,0.02138089294191406,0.01411446249033256,1.5148216204873906,0.07500559909247037,-4.390174741204588,0.6505317203949773,4,0.0,5,0.29273467421892374,0.04189435336976321,0.0224390243902439,0.3150684931506849,0.04246284501061571,0.3150684931506849,"(np.float64(0.22003473675403795), np.float64(0.4285930898398903))"
G2_1,AthleteRate,2026,,2001,25,25,0.5,0.01249375312343828,0.01249375312343828,1.0,0.04654456068270704,-2.772560071216996,0.5,4,0.625,5,0.19744483159117304,0.024679170779861797,0.01249375312343828,1.0,0.024679170779861797,1.0,"(np.float64(0.8668035060468213), 1.0)"
G2_4,ours,42,,3194,56,56,0.5483246836019302,0.019798585906545724,0.017532874139010644,1.1292264890269115,0.2370239328800463,-12.760083120109853,0.5306383006128217,4,,4,0.5097028613090515,0.04057971014492753,0.022082018927444796,0.25,0.041791044776119404,0.25,"(np.float64(0.15516915222973843), np.float64(0.37692892001431927))"
G1_0,Transformer,42,,2240,42,42,0.6814853329866978,0.09323650332614153,0.01875,4.972613510727548,0.04541535758146303,-1.4684355713066948,0.6289778521482465,5,1.0,6,0.21966921549017837,0.06597938144329897,0.03611738148984198,0.38095238095238093,0.11764705882352941,0.38095238095238093,"(np.float64(0.24999520898785943), np.float64(0.5318623178000363))"
G2_1,AthleteRate,123,,3494,57,57,0.5,0.01631368059530624,0.01631368059530624,1.0,0.04978820835718376,-2.1025437320388547,0.5,4,0.875,5,0.2,0.03210363277949873,0.01631368059530624,1.0,0.03210363277949873,1.0,"(np.float64(0.936858991216536), np.float64(0.9999999999999999))"
G2_1,DANN,123,,3494,57,57,0.5855218494300924,0.023357626503332316,0.01631368059530624,1.4317815263621598,0.11348216980206295,-6.071622101596646,0.6122896823133611,4,0.75,5,0.40403982996940613,0.05555555555555555,0.030042918454935622,0.3684210526315789,0.059084194977843424,0.3684210526315789,"(np.float64(0.2552337550616508), np.float64(0.4982244051445238))"
G2_4,ProtoNet,2026,,2016,52,52,0.6729349443835188,0.05991436335822006,0.025793650793650792,2.322833779426378,0.22315231922135256,-7.880504389680574,0.6818297340259849,4,,4,0.525925741664001,0.07142857142857142,0.04040404040404041,0.3076923076923077,0.12727272727272726,0.3076923076923077,"(np.float64(0.19914562391353519), np.float64(0.4426984493221887))"
G3_0,Transformer,2026,,2044,42,42,0.6949003377574806,0.03948162000448337,0.02054794520547945,1.9214388402181906,0.06816543351458813,-2.3869799086176244,0.6330380488553672,5,0.0,6,0.28054355375395584,0.062360801781737196,0.0343980343980344,0.3333333333333333,0.07792207792207792,0.3333333333333333,"(np.float64(0.2101228076197232), np.float64(0.4844777298833308))"
G1_3,AthleteRate,42,,2186,21,21,0.5,0.00960658737419945,0.00960658737419945,1.0,0.04568085886892136,-3.801283833005436,0.5,4,0.625,5,0.19978165938864628,0.019030357951971,0.00960658737419945,1.0,0.019030357951971,1.0,"(np.float64(0.8453561767357979), np.float64(0.9999999999999999))"
G1_0,AthleteRate,2026,,4415,41,41,0.5,0.00928652321630804,0.00928652321630804,1.0,0.04510824631835524,-3.902919059368565,0.5,5,0.0,6,0.19878048780487806,0.018402154398563735,0.00928652321630804,1.0,0.018402154398563735,1.0,"(np.float64(0.9143295511310926), 1.0)"
G1_0,Transformer,123,,3419,28,28,0.6928634621055736,0.016788096931632544,0.008189529102076631,2.0499465503304166,0.05613313246969065,-5.910853057731914,0.6906122889232006,5,0.6,6,0.2680894275417242,0.031294452347083924,0.016296296296296295,0.39285714285714285,0.03619909502262444,0.39285714285714285,"(np.float64(0.23565451827580033), np.float64(0.575912739650937))"
G1_0,DANN,123,,3419,28,28,0.6508825883641572,0.0131599920136678,0.008189529102076631,1.6069290248117931,0.10233634612582504,-11.59918018868165,0.6585161617430524,5,0.8,6,0.38809892535209656,0.02844950213371266,0.014814814814814815,0.35714285714285715,0.027777777777777776,0.35714285714285715,"(np.float64(0.20705611972458876), np.float64(0.5417002241777278))"
G3_0,LSTM,123,,5686,61,61,0.6227817850637523,0.018599469686167908,0.010728104115371086,1.7337145022221432,0.07233810736713052,-5.815982877060312,0.6069495919730182,5,0.2,6,0.2882565767730324,0.03520536462699078,0.018551236749116608,0.3442622950819672,0.047936085219707054,0.3442622950819672,"(np.float64(0.23747339039863208), np.float64(0.4695048457954161))"
G1_3,GAT,123,,1395,21,21,0.7184099258335066,0.09950849966467973,0.015053763440860216,6.610207477725153,0.06119405488923666,-3.1271629814177153,0.7172799443865263,4,1.0,5,0.27021095156669617,0.059800664451827246,0.03214285714285714,0.42857142857142855,0.11428571428571428,0.42857142857142855,"(np.float64(0.24469699486521043), np.float64(0.6345378370296754))"
G2_2,ours,2026,,3083,38,38,0.6262466511105349,0.01997525314756786,0.012325656827765165,1.6206238277355711,0.22020160152726834,-17.088253220455588,0.584890889602769,4,0.75,5,0.5336180329322815,0.02465331278890601,0.01309328968903437,0.21052631578947367,0.03484848484848485,0.21052631578947367,"(np.float64(0.1107466035209593), np.float64(0.36346088376442165))"
G3_0,ours,42,,1608,16,16,0.4806454145728643,0.009597589141198924,0.009950248756218905,0.964557708690492,0.20729246394295364,-20.042268431555957,0.5041445847878689,5,0.2,6,0.495125412940979,0.005952380952380952,0.003125,0.0625,0.02297200287150036,0.0625,"(np.float64(0.01111905730833121), np.float64(0.2832926836802987))"
G1_1,XGBoost,123,,3572,52,52,0.6153682255244755,0.026199268234128284,0.014557670772676373,1.799688194852043,0.09033479677336528,-5.296974943367427,0.6325408494154924,4,0.0,5,0.3746210428197445,0.052770448548812667,0.028328611898016998,0.38461538461538464,0.07407407407407407,0.38461538461538464,"(np.float64(0.26470271334885215), np.float64(0.5204037305925822))"
G3_0,AthleteRate,123,,5686,61,61,0.5,0.010728104115371086,0.010728104115371086,1.0,0.04607028682069561,-3.3409248256583854,0.5,5,0.9,6,0.19902912621359223,0.021228467026274577,0.010728104115371086,1.0,0.021228467026274577,1.0,"(np.float64(0.9407540837980555), 1.0)"
G2_3,ours,42,,2366,33,33,0.5579238592526206,0.020715726357675303,0.013947590870667794,1.4852548049169625,0.21898836791342646,-14.922888309903664,0.4910361832158401,4,1.0,5,0.5004857182502747,0.027777777777777776,0.014861995753715499,0.21212121212121213,0.03188405797101449,0.21212121212121213,"(np.float64(0.1067588656643618), np.float64(0.3775197758712936))"
G1_4,GAT,2026,,3348,28,28,0.5994191049913942,0.010695046600212959,0.008363201911589008,1.2788220006254638,0.07088856991964852,-7.547734000006585,0.6206954555925214,4,,4,0.2916598430510317,0.014492753623188406,0.0075528700906344415,0.17857142857142858,0.022964509394572025,0.17857142857142858,"(np.float64(0.0787838582943011), np.float64(0.355917915485911))"
G2_3,DANN,2026,,2388,23,23,0.5627355455464657,0.01915683936388477,0.009631490787269681,1.988979669606819,0.08744811574267686,-8.167694231817404,0.5812924648936408,4,0.0,5,0.35103297233581543,0.024291497975708502,0.012738853503184714,0.2608695652173913,0.058823529411764705,0.2608695652173913,"(np.float64(0.1254844588924897), np.float64(0.4647039054375056))"
G3_1,ours,123,,2690,28,28,0.688472684340453,0.06763076321556838,0.010408921933085501,6.497384037495677,0.17794552259143098,-16.275297789307906,0.5936372663065859,4,0.75,5,0.4805890619754791,0.04240282685512368,0.022304832713754646,0.42857142857142855,0.125,0.42857142857142855,"(np.float64(0.2650829618073122), np.float64(0.609295210143846))"
G3_4,DANN,2026,,2565,40,40,0.6063762376237624,0.02675671425451689,0.015594541910331383,1.7157743015708957,0.12520771425800753,-7.156135879595443,0.5693283182602888,4,,4,0.41916269063949585,0.028985507246376812,0.015625,0.2,0.04888888888888889,0.2,"(np.float64(0.10499864973166874), np.float64(0.34757607381856676))"
G1_2,Transformer,42,,3050,49,49,0.6507422695836083,0.026428545663856155,0.016065573770491802,1.6450421280563527,0.07510957272027666,-3.751523643345915,0.6116380445558413,4,1.0,5,0.2836454391479492,0.0637329286798179,0.03442622950819672,0.42857142857142855,0.06237816764132553,0.42857142857142855,"(np.float64(0.3002310889895705), np.float64(0.5672975248298444))"
G3_4,Transformer,2026,,2565,40,40,0.6734257425742574,0.028212260697260155,0.015594541910331383,1.8091112172118076,0.07641041491065567,-3.9774387330748358,0.6753287349894366,4,,4,0.30180301915575597,0.057971014492753624,0.03125,0.4,0.07119741100323625,0.4,"(np.float64(0.2634811061240136), np.float64(0.5540438017260649))"
G2_2,ours,42,,1867,14,14,0.6550381620538124,0.024728464288704306,0.007498660953401178,3.297717344786496,0.21279820215155784,-27.592566203818567,0.707718229224462,4,0.75,5,0.49986857175827026,0.031331592689295036,0.016260162601626018,0.42857142857142855,0.07317073170731707,0.42857142857142855,"(np.float64(0.21380509930400526), np.float64(0.6740973309713064))"
G1_2,XGBoost,123,,3403,54,54,0.5363016046802251,0.017047520418213395,0.015868351454598882,1.0743094811700034,0.12735185271678243,-7.15493039032161,0.5485516226951391,4,1.0,5,0.4515151362813517,0.030136986301369864,0.016272189349112426,0.2037037037037037,0.03980099502487562,0.2037037037037037,"(np.float64(0.1177393408658538), np.float64(0.32902561722659174))"
G1_1,AthleteRate,42,,5172,73,73,0.5,0.01411446249033256,0.01411446249033256,1.0,0.047797048488714945,-2.434869484215153,0.5,4,0.375,5,0.19818456883509833,0.027836034318398473,0.01411446249033256,1.0,0.027836034318398473,1.0,"(np.float64(0.950006246616416), np.float64(0.9999999999999999))"
G1_3,GAT,2026,,2401,53,53,0.7213807013596477,0.14868213612839357,0.022074135776759683,6.735581298948547,0.07854006150830004,-2.6383258744745386,0.7253751269549132,4,0.0,5,0.2880956875650506,0.09811320754716982,0.05450733752620545,0.49056603773584906,0.21428571428571427,0.49056603773584906,"(np.float64(0.36124029356039444), np.float64(0.6211669574670219))"
G3_1,ours,42,,3128,65,65,0.6825535548356312,0.03904949868335998,0.02078005115089514,1.8791820289469234,0.21143725864922913,-9.39093563641166,0.6367979278466698,4,1.0,5,0.48046550154685974,0.06966618287373004,0.038461538461538464,0.36923076923076925,0.07216494845360824,0.36923076923076925,"(np.float64(0.26229222189067253), np.float64(0.49076406965397484))"
G3_0,DANN,2026,,2044,42,42,0.5844869416297988,0.024209234779227436,0.02054794520547945,1.1781827592557352,0.10002945747857005,-3.9702282415226096,0.5371410436818478,5,0.6,6,0.39416205883026123,0.035634743875278395,0.019656019656019656,0.19047619047619047,0.05382131324004306,0.19047619047619047,"(np.float64(0.09981889609856436), np.float64(0.33301067354996444))"
G1_3,DANN,2026,,2401,53,53,0.5858217350776252,0.027333440917131198,0.022074135776759683,1.2382564460760757,0.12155966463393275,-4.631185724031374,0.6738821962191252,4,0.0,5,0.44600942730903625,0.06037735849056604,0.033542976939203356,0.3018867924528302,0.0683453237410072,0.3018867924528302,"(np.float64(0.19518140287607166), np.float64(0.43537086869967556))"
G2_2,GAT,2026,,3083,38,38,0.6973295307233601,0.0232775225057977,0.012325656827765165,1.8885421548782713,0.07439874065537033,-5.111414498911783,0.6457184419710783,4,1.0,5,0.2993703022655593,0.040061633281972264,0.02127659574468085,0.34210526315789475,0.0449438202247191,0.34210526315789475,"(np.float64(0.21212220026458956), np.float64(0.5010818837092545))"
G1_4,AthleteRate,2026,,3348,28,28,0.5,0.008363201911589008,0.008363201911589008,1.0,0.04416168203422176,-4.325009538904081,0.5,4,,4,0.19775280898876405,0.016587677725118485,0.008363201911589008,1.0,0.016587677725118485,1.0,"(np.float64(0.8793527963418923), 1.0)"
G3_4,AthleteRate,42,,1697,16,16,0.5,0.009428403064230996,0.009428403064230996,1.0,0.04476577065572666,-3.7931614078784026,0.5,4,,4,0.1976470588235294,0.018680677174547577,0.009428403064230996,1.0,0.018680677174547577,1.0,"(np.float64(0.8063865817272802), 1.0)"
G2_4,Transformer,42,,3194,56,56,0.5821098515888191,0.02092447011500399,0.017532874139010644,1.1934420990593348,0.08076586860238859,-3.688746202684815,0.5830634083631085,4,,4,0.3165788514892997,0.04057971014492753,0.022082018927444796,0.25,0.04729064039408867,0.25,"(np.float64(0.15516915222973843), np.float64(0.37692892001431927))"
G3_1,DANN,123,,2690,28,28,0.6446012665020929,0.01624467778597768,0.010408921933085501,1.5606494015814274,0.07015412562735573,-5.810699104487884,0.5662061551101142,4,0.75,5,0.34019559621810913,0.038869257950530034,0.020446096654275093,0.39285714285714285,0.045662100456621,0.39285714285714285,"(np.float64(0.23565451827580033), np.float64(0.575912739650937))"
G3_0,ProtoNet,2026,,2044,42,42,0.7119784976927834,0.04938402133441851,0.02054794520547945,2.403355704941701,0.2615564192499419,-11.996122687020424,0.6073739715266357,5,0.4,6,0.6757833324843001,0.0801781737193764,0.044226044226044224,0.42857142857142855,0.10150375939849623,0.42857142857142855,"(np.float64(0.2911742951914822), np.float64(0.5779402208812553))"
G1_4,Transformer,123,,3626,49,49,0.6285794161108671,0.06324984134570971,0.013513513513513514,4.680488259582519,0.055643672476390335,-3.1740376778179913,0.537109483339297,4,,4,0.25129152694417395,0.04139715394566624,0.022099447513812154,0.32653061224489793,0.0784313725490196,0.32653061224489793,"(np.float64(0.21207321329264214), np.float64(0.4662105631259371))"
G3_1,ours,2026,,3344,41,41,0.6161250304601139,0.023756524998528768,0.012260765550239234,1.937605355977566,0.21302314040033168,-16.590042546182573,0.5684702830626088,4,1.0,5,0.4937257766723633,0.03977272727272727,0.021116138763197588,0.34146341463414637,0.06866952789699571,0.34146341463414637,"(np.float64(0.2155861736664346), np.float64(0.4945044564627312))"
G1_2,ours,2026,,2245,43,43,0.5998458061381831,0.03703950007525206,0.01915367483296214,1.9338064574172293,0.21678412371575256,-10.539165273963263,0.5312283264891263,4,1.0,5,0.5115503072738647,0.04918032786885246,0.02696629213483146,0.27906976744186046,0.07894736842105263,0.27906976744186046,"(np.float64(0.16746451821827157), np.float64(0.42691312900129397))"
G1_2,GAT,123,,3403,54,54,0.6304424759187375,0.022567451654821956,0.015868351454598882,1.422167370025169,0.09134536826950272,-4.849268022607434,0.63070619107091,4,1.0,5,0.318771530658204,0.03287671232876712,0.01775147928994083,0.2222222222222222,0.051011433597185574,0.2222222222222222,"(np.float64(0.13195287989578958), np.float64(0.34938926831587813))"
G3_3,AthleteRate,123,,1378,15,15,0.5,0.01088534107402032,0.01088534107402032,1.0,0.04608761305939605,-3.280510199886436,0.5,4,,4,0.1988235294117647,0.021536252692031587,0.01088534107402032,1.0,0.021536252692031587,1.0,"(np.float64(0.7961107336956521), 1.0)"
G2_1,GAT,42,,3023,53,53,0.6963153548059209,0.06794816790776005,0.017532252729077075,3.875609652550163,0.06099201186405265,-2.5409266831077386,0.6734871645342462,4,0.0,5,0.2694847058682215,0.08549618320610687,0.046511627906976744,0.5283018867924528,0.09401709401709402,0.5283018867924528,"(np.float64(0.3965985230075645), np.float64(0.6561797239101858))"
G1_4,ProtoNet,42,,2767,19,19,0.5221405040986746,0.011069072803201787,0.0068666425731839535,1.6120065498136498,0.22098968847431544,-31.405594901159276,0.5452336848587378,4,,4,0.5009108921834107,0.014010507880910683,0.007246376811594203,0.21052631578947367,0.047619047619047616,0.21052631578947367,"(np.float64(0.08507538491591576), np.float64(0.43334714240266087))"
G1_1,LSTM,123,,3572,52,52,0.726715472027972,0.03076848937672015,0.014557670772676373,2.113558539493161,0.06631978252947603,-3.6229584141912703,0.7569445235521983,4,0.25,5,0.2832897148919819,0.0633245382585752,0.0339943342776204,0.46153846153846156,0.07157894736842105,0.46153846153846156,"(np.float64(0.3334025986239788), np.float64(0.5949662160231659))"
G2_3,XGBoost,123,,2954,53,53,0.5261555872080544,0.021219146120900634,0.01794177386594448,1.1826671253045373,0.10262405602502218,-4.824337848788918,0.5142227568231758,4,0.75,5,0.3888667548728782,0.0440251572327044,0.024013722126929673,0.2641509433962264,0.04980842911877394,0.2641509433962264,"(np.float64(0.16437206511316813), np.float64(0.3958092105722453))"
G1_0,LSTM,42,,2240,42,42,0.6690822825945665,0.03219136476406789,0.01875,1.7168727874169543,0.06839774028690425,-2.7175841854453258,0.5855471771332225,5,1.0,6,0.28379969764046553,0.05360824742268041,0.029345372460496615,0.30952380952380953,0.06315789473684211,0.30952380952380953,"(np.float64(0.1907092651972273), np.float64(0.46026277766340595))"
G2_0,LSTM,123,,2139,30,30,0.6934882250671724,0.04600809759528985,0.014025245441795231,3.2803773585441665,0.06678928566629119,-3.829815414635391,0.5511073016883582,5,0.6,6,0.28473613823711225,0.04824561403508772,0.025821596244131457,0.36666666666666664,0.10309278350515463,0.36666666666666664,"(np.float64(0.21873702204017678), np.float64(0.5448675356639506))"
G1_1,ProtoNet,2026,,3006,39,39,0.5175304416962657,0.014770398766696039,0.012974051896207584,1.13845688955611,0.265714624714935,-19.749673024211987,0.5342346821924676,4,0.75,5,0.5759180765732376,0.03169572107765452,0.016891891891891893,0.2564102564102564,0.03350083752093802,0.2564102564102564,"(np.float64(0.14568625843452188), np.float64(0.410819567678415))"
G3_0,ProtoNet,42,,1608,16,16,0.4499450376884422,0.009101052021145906,0.009950248756218905,0.9146557281251636,0.15448372494130874,-14.681650681793501,0.4735948661054612,5,0.2,6,0.5015868824614576,0.005952380952380952,0.003125,0.0625,0.02282453637660485,0.0625,"(np.float64(0.01111905730833121), np.float64(0.2832926836802987))"
G1_3,Transformer,2026,,2401,53,53,0.6299379640641575,0.030839999327110016,0.022074135776759683,1.3971101581960594,0.07424418232870228,-2.4393215947147726,0.7334597269604977,4,0.0,5,0.2976383676654414,0.05660377358490566,0.031446540880503145,0.2830188679245283,0.0655367231638418,0.2830188679245283,"(np.float64(0.17966135362950314), np.float64(0.4157054200010772))"
G1_3,Transformer,123,,1395,21,21,0.6574478408539544,0.08343721325220178,0.015053763440860216,5.542614880324832,0.0629797036020644,-3.2475940147711704,0.6345754216425354,4,1.0,5,0.2842057822963556,0.05333333333333334,0.02867383512544803,0.38095238095238093,0.12903225806451613,0.38095238095238093,"(np.float64(0.20750767797982506), np.float64(0.5912170418449848))"
G1_0,ours,123,,3419,28,28,0.6976766229936386,0.01572886404614681,0.008189529102076631,1.9206066490634266,0.207982518695724,-24.605850983983927,0.6856360349983195,5,0.6,6,0.5068651437759399,0.031294452347083924,0.016296296296296295,0.39285714285714285,0.03531300160513644,0.39285714285714285,"(np.float64(0.23565451827580033), np.float64(0.575912739650937))"
G1_1,DANN,42,,5172,73,73,0.5850972659156912,0.019462486416239447,0.01411446249033256,1.3789038321204166,0.08729753575084254,-5.273517948886473,0.5747647562540699,4,0.0,5,0.3898712992668152,0.03460837887067395,0.018536585365853658,0.2602739726027397,0.04770017035775128,0.2602739726027397,"(np.float64(0.17342050231153916), np.float64(0.37109705068059007))"
G1_4,ProtoNet,2026,,3348,28,28,0.47554862306368323,0.008915983469489564,0.008363201911589008,1.0660968805661093,0.2620593142884697,-30.599076033004984,0.494811102502442,4,,4,0.5939284115694882,0.017391304347826087,0.00906344410876133,0.21428571428571427,0.02857142857142857,0.21428571428571427,"(np.float64(0.10212321701189422), np.float64(0.3953894707927388))"
G2_2,AthleteRate,123,,1751,19,19,0.5,0.010850942318675044,0.010850942318675044,1.0,0.04608438666593969,-3.2936299866949605,0.5,4,0.875,5,0.19887005649717515,0.021468926553672316,0.010850942318675044,1.0,0.021468926553672316,1.0,"(np.float64(0.8318156346315496), 1.0)"
G3_3,AthleteRate,2026,,3128,25,25,0.5,0.0079923273657289,0.0079923273657289,1.0,0.043847493628831495,-4.5303991634165754,0.5,4,,4,0.19751552795031055,0.01585791309863622,0.0079923273657289,1.0,0.01585791309863622,1.0,"(np.float64(0.8668035060468213), 1.0)"
G2_1,ours,123,,3494,57,57,0.5527336671617945,0.019742750437740597,0.01631368059530624,1.2101959654292218,0.22497450160315835,-13.019247786744943,0.6380651590323163,4,0.25,5,0.505431056022644,0.031746031746031744,0.017167381974248927,0.21052631578947367,0.03834355828220859,0.21052631578947367,"(np.float64(0.12474426566891902), np.float64(0.33286368678466527))"
G3_4,AthleteRate,123,,1602,50,50,0.5,0.031210986267166042,0.031210986267166042,1.0,0.05764646772928135,-0.9064964609059096,0.5,4,,4,0.19676945668135096,0.06053268765133172,0.031210986267166042,1.0,0.06053268765133172,1.0,"(np.float64(0.9286499658256813), 1.0)"
G1_3,LSTM,2026,,2401,53,53,0.6983623155796985,0.048358859084811516,0.022074135776759683,2.1907475596723103,0.07797131384861677,-2.6119789467215755,0.7048656503935427,4,0.0,5,0.2950853705406189,0.08679245283018867,0.04821802935010482,0.4339622641509434,0.0963302752293578,0.4339622641509434,"(np.float64(0.30950190698960345), np.float64(0.5673488502023123))"
G3_0,LSTM,2026,,2044,42,42,0.6519908662765805,0.03414505472345831,0.02054794520547945,1.6617259965416378,0.0692520855434264,-2.4409730896123016,0.606042994891338,5,0.2,6,0.27132534684004656,0.04899777282850779,0.02702702702702703,0.2619047619047619,0.07098765432098765,0.2619047619047619,"(np.float64(0.15302485372603591), np.float64(0.41069019984975563))"
G2_2,Transformer,2026,,3083,38,38,0.6373865698729583,0.0212663788382949,0.012325656827765165,1.7253748936437678,0.0758625655913686,-5.2316590199738835,0.5770222894523473,4,0.75,5,0.3138331150798148,0.03697996918335902,0.019639934533551555,0.3157894736842105,0.06382978723404255,0.3157894736842105,"(np.float64(0.1908442002366664), np.float64(0.47456056439948513))"
G1_3,GAT,42,,2186,21,21,0.7496975695590014,0.02356114054139683,0.00960658737419945,2.4526025344520703,0.05671069223864941,-4.960573783984188,0.6939461519486657,4,1.0,5,0.2559429038169603,0.043668122270742356,0.02288329519450801,0.47619047619047616,0.05128205128205128,0.47619047619047616,"(np.float64(0.28343712296762946), np.float64(0.6763078209973324))"
G2_3,AthleteRate,123,,2954,53,53,0.5,0.01794177386594448,0.01794177386594448,1.0,0.04976134577931578,-1.82416132099159,0.5,4,0.0,5,0.19722222222222222,0.035251080811439975,0.01794177386594448,1.0,0.035251080811439975,1.0,"(np.float64(0.9324156955469234), 1.0)"
G2_3,GAT,2026,,2388,23,23,0.516205533596838,0.010199009401247653,0.009631490787269681,1.0589232369643216,0.0579717455925423,-5.077515028923221,0.5831432867897415,4,0.0,5,0.2557054979538699,0.016194331983805668,0.008492569002123142,0.17391304347826086,0.02137608550434202,0.17391304347826086,"(np.float64(0.06978540350612772), np.float64(0.37138054785295666))"
G1_2,LSTM,42,,3050,49,49,0.6499874191595999,0.02557297266389449,0.016065573770491802,1.5917870739771063,0.07770744975613164,-3.9158685292413713,0.6047717148562508,4,1.0,5,0.28431910276412964,0.042488619119878605,0.022950819672131147,0.2857142857142857,0.05568445475638051,0.2857142857142857,"(np.float64(0.1784943493972417), np.float64(0.4240914920610033))"
G1_2,ProtoNet,42,,3050,49,49,0.6657712735210712,0.025715899085074236,0.016065573770491802,1.6006835144791107,0.2558906493792956,-15.187956163257805,0.63937075253117,4,1.0,5,0.5518693804740906,0.04552352048558422,0.02459016393442623,0.30612244897959184,0.05058605798889575,0.30612244897959184,"(np.float64(0.1951532349314748), np.float64(0.4452815740069374))"
G1_2,Transformer,123,,3403,54,54,0.600593875452042,0.01874823592420304,0.015868351454598882,1.1814860527789435,0.0728052088717221,-3.662055539326115,0.613748290376285,4,1.0,5,0.28848256555614094,0.030136986301369864,0.016272189349112426,0.2037037037037037,0.042232277526395176,0.2037037037037037,"(np.float64(0.1177393408658538), np.float64(0.32902561722659174))"
G3_4,ours,42,,1697,16,16,0.5509555324211779,0.03503236695976899,0.009428403064230996,3.7156204206704984,0.16964336355607904,-17.164057300679225,0.49675300453578164,4,,4,0.499026358127594,0.022727272727272728,0.011904761904761904,0.25,0.05504587155963303,0.25,"(np.float64(0.10181901984237346), np.float64(0.49498768929398645))"
G1_2,GAT,2026,,2245,43,43,0.6109456519443213,0.03130946382195529,0.01915367483296214,1.6346452623323169,0.07765820508630797,-3.1336553987930555,0.5353438791290659,4,1.0,5,0.29625292853675644,0.05737704918032787,0.03146067415730337,0.32558139534883723,0.06691449814126393,0.32558139534883723,"(np.float64(0.2049311518177982), np.float64(0.47484067493449045))"
G1_0,Transformer,2026,,4415,41,41,0.646101687354322,0.023308037311600475,0.00928652321630804,2.509877676358929,0.03934991959270144,-3.277033281100321,0.6111127126792862,5,1.0,6,0.2126643510126486,0.04352557127312296,0.022779043280182234,0.4878048780487805,0.06451612903225806,0.4878048780487805,"(np.float64(0.3425418723993569), np.float64(0.6351574068413481))"
G2_4,XGBoost,2026,,2016,52,52,0.6331711185962714,0.04460162028518929,0.025793650793650792,1.729170509518108,0.0840872527428218,-2.346311701820559,0.6279390771951476,4,,4,0.34321356560338495,0.08928571428571429,0.050505050505050504,0.38461538461538464,0.09473684210526316,0.38461538461538464,"(np.float64(0.26470271334885215), np.float64(0.5204037305925822))"
G1_3,DANN,42,,2186,21,21,0.7274606840426703,0.021188472680861624,0.00960658737419945,2.2056191085887384,0.0995978935142058,-9.468230409224894,0.6893457116852926,4,0.75,5,0.41910144686698914,0.056768558951965066,0.029748283752860413,0.6190476190476191,0.0498220640569395,0.6190476190476191,"(np.float64(0.40878295815501514), np.float64(0.7924923220201749))"
G2_2,LSTM,2026,,3083,38,38,0.5689914441275603,0.018062337828443187,0.012325656827765165,1.4654259875023774,0.06800887871836624,-4.586525306650535,0.5411444671011068,4,0.5,5,0.28299999522681796,0.03389830508474576,0.01800327332242226,0.2894736842105263,0.044444444444444446,0.2894736842105263,"(np.float64(0.17003106263656131), np.float64(0.44757438266189764))"
G2_1,Transformer,2026,,2001,25,25,0.5103441295546558,0.01421886319487609,0.01249375312343828,1.1380778101178823,0.07551642379133759,-5.120806404391486,0.4937042354834487,4,0.75,5,0.2919653577256286,0.01904761904761905,0.010126582278481013,0.16,0.043010752688172046,0.16,"(np.float64(0.06403347608577989), np.float64(0.34654013980238163))"
G3_0,AthleteRate,2026,,2044,42,42,0.5,0.02054794520547945,0.02054794520547945,1.0,0.05202745217669929,-1.585121609786765,0.5,5,0.2,6,0.19915848527349228,0.040268456375838924,0.02054794520547945,1.0,0.040268456375838924,1.0,"(np.float64(0.9161983874908382), 1.0)"
G3_0,DANN,123,,5686,61,61,0.5941828779599271,0.02364587495961321,0.010728104115371086,2.204105656071487,0.09664948937875717,-8.106697543784009,0.5707400728020903,5,0.4,6,0.38804569840431213,0.04526404023470243,0.023851590106007067,0.4426229508196721,0.06551059730250482,0.4426229508196721,"(np.float64(0.32507608033920443), np.float64(0.5669685329954449))"
G3_1,Transformer,42,,3128,65,65,0.7588538135061152,0.051502050052436216,0.02078005115089514,2.478437116369546,0.0581893908636847,-1.859676762030099,0.6815715011545198,4,1.0,5,0.27414965864202284,0.09579100145137881,0.052884615384615384,0.5076923076923077,0.1092896174863388,0.5076923076923077,"(np.float64(0.3891624609220664), np.float64(0.6253636395753072))"
G2_1,LSTM,123,,3494,57,57,0.5880740547907447,0.01929725706971739,0.01631368059530624,1.1828880035367115,0.0689503723237494,-3.296630719067199,0.637864307566761,4,0.75,5,0.28979029655456545,0.026455026455026454,0.01430615164520744,0.17543859649122806,0.046265697290152015,0.17543859649122806,"(np.float64(0.09818747133596609), np.float64(0.2936759905059315))"
G2_2,DANN,2026,,3083,38,38,0.6042779362198599,0.07387099027709614,0.012325656827765165,5.99327007958651,0.0972614457613425,-6.989449882819817,0.5809088570798145,4,0.0,5,0.35976406931877136,0.040061633281972264,0.02127659574468085,0.34210526315789475,0.0975609756097561,0.34210526315789475,"(np.float64(0.21212220026458956), np.float64(0.5010818837092545))"
G2_1,AthleteRate,42,,3023,53,53,0.5,0.017532252729077075,0.017532252729077075,1.0,0.05011171573115765,-1.9092647700205854,0.5,4,0.625,5,0.19887955182072828,0.03446033810143043,0.017532252729077075,1.0,0.03446033810143043,1.0,"(np.float64(0.9324156955469234), 1.0)"
G2_4,AthleteRate,123,,3058,36,36,0.5,0.011772400261608895,0.011772400261608895,1.0,0.046409333686899035,-2.989177258471714,0.5,4,,4,0.19825436408977556,0.023270846800258566,0.011772400261608895,1.0,0.023270846800258566,1.0,"(np.float64(0.9035781695514236), 1.0)"
G3_2,AthleteRate,42,,4067,33,33,0.5,0.008114089009097615,0.008114089009097615,1.0,0.044868453405458586,-4.5749324679617205,0.5,4,1.0,5,0.2,0.016097560975609757,0.008114089009097615,1.0,0.016097560975609757,1.0,"(np.float64(0.8957265699643882), 1.0)"
G3_2,AthleteRate,123,,2599,30,30,0.5,0.011542901115813775,0.011542901115813775,1.0,0.04615482520933722,-3.0452401645109166,0.5,4,0.25,5,0.19794344473007713,0.022822365918600228,0.011542901115813775,1.0,0.022822365918600228,1.0,"(np.float64(0.8864829086095221), 1.0)"
G2_2,Transformer,42,,1867,14,14,0.5836866856834477,0.013161373595927409,0.007498660953401178,1.7551631788283195,0.055262699231580156,-6.425355902468094,0.5008466045192744,4,1.0,5,0.2666649271827598,0.010443864229765013,0.005420054200542005,0.14285714285714285,0.05714285714285714,0.14285714285714285,"(np.float64(0.040093073737921175), np.float64(0.39941907763863693))"
G3_3,ours,42,,3455,54,54,0.6627571411458504,0.034821172247674975,0.015629522431259046,2.227910187328093,0.22625961723753096,-13.706277606013694,0.6645796286588117,4,,4,0.5023594498634338,0.05170068027210884,0.027900146842878122,0.35185185185185186,0.0748663101604278,0.35185185185185186,"(np.float64(0.23822831722420018), np.float64(0.4851541618220226))"
G3_1,GAT,42,,3128,65,65,0.7033677390190612,0.03648037749118891,0.02078005115089514,1.7555480121913678,0.06724247826035151,-2.304584386403129,0.6618598462563556,4,1.0,5,0.27956359380453677,0.06386066763425254,0.035256410256410256,0.3384615384615385,0.07483629560336763,0.3384615384615385,"(np.float64(0.23533338768646592), np.float64(0.4596185018686867))"
G2_3,ProtoNet,42,,2366,33,33,0.5478315083973035,0.014826778439421097,0.013947590870667794,1.063035084474858,0.2325499154008598,-15.90896354307414,0.4572609951877973,4,0.75,5,0.5454573840708346,0.023809523809523808,0.012738853503184714,0.18181818181818182,0.03409758965314521,0.18181818181818182,"(np.float64(0.08610651225698263), np.float64(0.3438856704929522))"
G1_0,LSTM,123,,3419,28,28,0.6758436196655011,0.01776469005711268,0.008189529102076631,2.169195546616723,0.06562177180785903,-7.079050685386196,0.6523413577206435,5,0.6,6,0.2822278250225991,0.02844950213371266,0.014814814814814815,0.35714285714285715,0.0547945205479452,0.35714285714285715,"(np.float64(0.20705611972458876), np.float64(0.5417002241777278))"
G2_0,ProtoNet,2026,,3908,57,57,0.5585744418173453,0.016029147515272582,0.01458546571136131,1.0989808506962324,0.2626419467337996,-17.27362989053593,0.5611916308797152,5,1.0,6,0.5418262449052904,0.02877697841726619,0.015444015444015444,0.21052631578947367,0.03439649781113196,0.21052631578947367,"(np.float64(0.12474426566891902), np.float64(0.33286368678466527))"
G2_0,ours,42,,2946,39,39,0.488970036957653,0.013066651101286431,0.013238289205702648,0.9870347216510211,0.21584497650771955,-15.523338185745033,0.6116933263413011,5,0.4,6,0.48198339343070984,0.0256,0.013651877133105802,0.20512820512820512,0.028889806025588115,0.20512820512820512,"(np.float64(0.10779590197911117), np.float64(0.3553427296312862))"
G1_4,XGBoost,123,,3626,49,49,0.5498793311006258,0.017130202841100135,0.013513513513513514,1.2676350102414098,0.08839491435146457,-5.630829465597532,0.5305287786254956,4,,4,0.36659161857313816,0.028460543337645538,0.015193370165745856,0.22448979591836735,0.043478260869565216,0.22448979591836735,"(np.float64(0.1302483771472861), np.float64(0.35879056187045744))"
G1_4,DANN,42,,2767,19,19,0.6325174289435379,0.0105583936373118,0.0068666425731839535,1.5376355365495658,0.07422016275478405,-9.88353282152882,0.5962015299791876,4,,4,0.38993725180625916,0.024518388791593695,0.012681159420289856,0.3684210526315789,0.027932960893854747,0.3684210526315789,"(np.float64(0.19149272376273843), np.float64(0.5896084250184328))"
G3_4,ours,2026,,2565,40,40,0.5597128712871287,0.028600608449552437,0.015594541910331383,1.83401401682755,0.220311014913393,-13.351244921718497,0.6038399045673752,4,,4,0.5018330216407776,0.03260869565217391,0.017578125,0.225,0.04780876494023904,0.225,"(np.float64(0.1231595325467853), np.float64(0.3750339640409305))"
G2_3,ours,2026,,2388,23,23,0.5290375953672213,0.01006717213963101,0.009631490787269681,1.0452350899756024,0.1916951309893013,-19.096514735770835,0.5932757705155318,4,0.0,5,0.4853241741657257,0.016194331983805668,0.008492569002123142,0.17391304347826086,0.02223675604970569,0.17391304347826086,"(np.float64(0.06978540350612772), np.float64(0.37138054785295666))"
G1_0,GAT,123,,3419,28,28,0.6258794287399418,0.0168738798025278,0.008189529102076631,2.0604212516015195,0.06293098985128819,-6.747773988467523,0.5859503025030397,5,0.6,6,0.2629257086413858,0.01991465149359886,0.01037037037037037,0.25,0.04878048780487805,0.25,"(np.float64(0.12676334942200781), np.float64(0.433560252407046))"
G2_0,ours,123,,2139,30,30,0.633301722775407,0.022442294329198607,0.014025245441795231,1.6001355856718606,0.2063520674261066,-13.92218978169877,0.4848370767792502,5,0.8,6,0.5032842755317688,0.03508771929824561,0.018779342723004695,0.26666666666666666,0.04293785310734463,0.26666666666666666,"(np.float64(0.14182495553910618), np.float64(0.4444830204431169))"
G1_4,Transformer,42,,2767,19,19,0.5547766796904925,0.010079012489892722,0.0068666425731839535,1.4678225031333243,0.07394947255384259,-9.843839218374834,0.5281695524261701,4,,4,0.27869543972714195,0.014010507880910683,0.007246376811594203,0.21052631578947367,0.043478260869565216,0.21052631578947367,"(np.float64(0.08507538491591576), np.float64(0.43334714240266087))"
G3_4,GAT,2026,,2565,40,40,0.626029702970297,0.024682656345479313,0.015594541910331383,1.582775338153861,0.07479193635683115,-3.8720096779927946,0.6056187796325528,4,,4,0.2925500679874684,0.04710144927536232,0.025390625,0.325,0.05363984674329502,0.325,"(np.float64(0.20084316962661725), np.float64(0.4798254191110201))"
G2_4,ProtoNet,123,,3058,36,36,0.604309140377969,0.01636652251537013,0.011772400261608895,1.3902451625556072,0.2518590536568315,-20.648886751236866,0.5852892074630996,4,,4,0.5743862296874981,0.03110419906687403,0.016474464579901153,0.2777777777777778,0.03430531732418525,0.2777777777777778,"(np.float64(0.15848170025813796), np.float64(0.43992800216345146))"
G3_0,XGBoost,123,,5686,61,61,0.4993020036429872,0.010593882643651685,0.010728104115371086,0.9874887985541554,0.1034564569140471,-8.748076975094973,0.4851971176506271,5,0.2,6,0.3995257967342712,0.013411567476948869,0.007067137809187279,0.13114754098360656,0.023335621139327384,0.13114754098360656,"(np.float64(0.06797996145868099), np.float64(0.23802112426406494))"
G1_1,ours,123,,3572,52,52,0.7493170891608392,0.04972274986365774,0.014557670772676373,3.415570432942028,0.21172609201655573,-13.758807723121535,0.7289561645788942,4,0.0,5,0.49795493483543396,0.07387862796833773,0.039660056657223795,0.5384615384615384,0.12560386473429952,0.5384615384615384,"(np.float64(0.405033783976834), np.float64(0.6665974013760211))"
G1_0,ProtoNet,2026,,4415,41,41,0.59166136928859,0.012056642154455913,0.00928652321630804,1.2982945149249476,0.257763518137487,-27.01690974565603,0.5526905837615232,5,1.0,6,0.5706263761694839,0.017410228509249184,0.009111617312072893,0.1951219512195122,0.029339853300733496,0.1951219512195122,"(np.float64(0.10234315749205929), np.float64(0.34013882352556724))"
G1_1,GAT,123,,3572,52,52,0.6800098339160838,0.062305502202196716,0.014557670772676373,4.279908728197051,0.08471634842932274,-4.905329312815995,0.7236487339543731,4,0.0,5,0.31329457940453825,0.05013192612137203,0.026912181303116147,0.36538461538461536,0.08695652173913043,0.36538461538461536,"(np.float64(0.2480051371130184), np.float64(0.5012857141519882))"
G1_4,Transformer,2026,,3348,28,28,0.5687177280550775,0.01088001536331909,0.008363201911589008,1.3009389798711541,0.07569962266449523,-8.127850077528876,0.6002517362574119,4,,4,0.3030243492528294,0.02318840579710145,0.012084592145015106,0.2857142857142857,0.027131782945736434,0.2857142857142857,"(np.float64(0.15253815848329969), np.float64(0.470596357370175))"
G3_3,GAT,2026,,3128,25,25,0.6030937802126974,0.011657474296042598,0.0079923273657289,1.4585831839208496,0.07659479117873368,-8.660752166194559,0.5429880060656719,4,,4,0.3069053125677642,0.01866251944012442,0.009708737864077669,0.24,0.02531645569620253,0.24,"(np.float64(0.11496157730326725), np.float64(0.43430059955238565))"
G3_0,ours,2026,,2044,42,42,0.6657747014889872,0.043764250914175545,0.02054794520547945,2.1298602111565432,0.21897724673653843,-9.880463849501291,0.61140187366442,5,0.4,6,0.5053519010543823,0.0757238307349666,0.04176904176904177,0.40476190476190477,0.06606606606606606,0.40476190476190477,"(np.float64(0.27042647671209086), np.float64(0.5550595447182258))"
G1_3,ours,2026,,2401,53,53,0.6448683745299091,0.05546657050232259,0.022074135776759683,2.512740297661822,0.20609287596390893,-8.547141022866658,0.6966242269307366,4,0.0,5,0.5370395183563232,0.06415094339622641,0.03563941299790356,0.32075471698113206,0.07471264367816093,0.32075471698113206,"(np.float64(0.210920445893403), np.float64(0.45481732362751115))"
G3_1,AthleteRate,123,,2690,28,28,0.5,0.010408921933085501,0.010408921933085501,1.0,0.04614831703329877,-3.480168467380235,0.5,4,0.5,5,0.1997439180537772,0.020603384841795438,0.010408921933085501,1.0,0.020603384841795438,1.0,"(np.float64(0.8793527963418923), 1.0)"
G2_2,ProtoNet,123,,1751,19,19,0.5710161662817552,0.012628907230287326,0.010850942318675044,1.1638535031701636,0.2919832667977462,-26.203749482957235,0.5515627926767799,4,1.0,5,0.6944697630607476,0.005434782608695652,0.0028653295128939827,0.05263157894736842,0.03428571428571429,0.05263157894736842,"(np.float64(0.009351752490529969), np.float64(0.2463921533654521))"
G3_4,AthleteRate,2026,,2565,40,40,0.5,0.015594541910331383,0.015594541910331383,1.0,0.049152704703229945,-2.201848550506019,0.5,4,,4,0.1994459833795014,0.030710172744721688,0.015594541910331383,1.0,0.030710172744721688,1.0,"(np.float64(0.9123754607496077), 1.0)"
G3_3,XGBoost,123,,1378,15,15,0.5556859867938371,0.01330622996704798,0.01088534107402032,1.2223989929728076,0.05900164101916782,-4.479935050381092,0.485242655182947,4,,4,0.2796118035816426,0.020761245674740483,0.010948905109489052,0.2,0.029166666666666667,0.2,"(np.float64(0.07047420643610414), np.float64(0.4518593533465045))"
G3_2,GAT,42,,4067,33,33,0.48202400805276363,0.010976005398200317,0.008114089009097615,1.352709513772142,0.07506585215611376,-8.326977523353209,0.4985849502342641,4,0.5,5,0.29284210205078126,0.01652892561983471,0.0085995085995086,0.21212121212121213,0.02877697841726619,0.21212121212121213,"(np.float64(0.1067588656643618), np.float64(0.3775197758712936))"
G2_0,XGBoost,2026,,3908,57,57,0.5895893980601985,0.02191123503265684,0.01458546571136131,1.502265026449525,0.13722730054411195,-8.547754774914374,0.6031856320656563,5,0.8,6,0.4730075282503883,0.04316546762589928,0.023166023166023165,0.3157894736842105,0.04819277108433735,0.3157894736842105,"(np.float64(0.2100412363168152), np.float64(0.44480018797182935))"
G3_1,DANN,2026,,3344,41,41,0.5930454944876423,0.015874508582336758,0.012260765550239234,1.2947404073008322,0.07701858577507523,-5.359685610137948,0.5496766880641035,4,1.0,5,0.3336193561553955,0.028409090909090908,0.015082956259426848,0.24390243902439024,0.034013605442176874,0.24390243902439024,"(np.float64(0.13824855751022433), np.float64(0.39343630654458195))"
G1_2,DANN,2026,,2245,43,43,0.5868026952242148,0.026077398988392966,0.01915367483296214,1.3614828076498187,0.11069132190814218,-4.891969559386649,0.4952208447715311,4,1.0,5,0.43605226278305054,0.02459016393442623,0.01348314606741573,0.13953488372093023,0.058823529411764705,0.13953488372093023,"(np.float64(0.06555634267713947), np.float64(0.27263876594425684))"
G1_1,DANN,123,,3572,52,52,0.6587576486013986,0.026211786616639438,0.014557670772676373,1.800548111435309,0.09809677867857954,-5.838040040249526,0.6767187929128468,4,0.25,5,0.44148585200309753,0.044854881266490766,0.024079320113314446,0.3269230769230769,0.04856512141280353,0.3269230769230769,"(np.float64(0.2152190173110406), np.float64(0.46244064860111084))"
G2_1,XGBoost,2026,,2001,25,25,0.5363765182186235,0.014162363773794935,0.01249375312343828,1.1335555964545467,0.08987487974109055,-6.28459733518636,0.5108605228893393,4,0.75,5,0.379104477081194,0.023809523809523808,0.012658227848101266,0.2,0.03076923076923077,0.2,"(np.float64(0.08860454100652487), np.float64(0.3913133553653824))"
G2_1,ours,42,,3023,53,53,0.7098468966393494,0.0533266085519702,0.017532252729077075,3.0416290123133196,0.2064797386449926,-10.987301184929075,0.6477004531977355,4,0.25,5,0.5079101324081421,0.08549618320610687,0.046511627906976744,0.5283018867924528,0.08170515097690942,0.5283018867924528,"(np.float64(0.3965985230075645), np.float64(0.6561797239101858))"
G1_4,LSTM,42,,2767,19,19,0.63104267218264,0.013200233076360389,0.0068666425731839535,1.922370785383642,0.07289293261892472,-9.68890979445366,0.6367604099310661,4,,4,0.2837672658136179,0.014010507880910683,0.007246376811594203,0.21052631578947367,0.04878048780487805,0.21052631578947367,"(np.float64(0.08507538491591576), np.float64(0.43334714240266087))"
G2_3,ProtoNet,123,,2954,53,53,0.6384655909152993,0.026386652748118262,0.01794177386594448,1.4706824946781387,0.2422081618649649,-12.746310748931469,0.6107326965484056,4,1.0,5,0.5778960966401631,0.05660377358490566,0.030874785591766724,0.33962264150943394,0.05555555555555555,0.33962264150943394,"(np.float64(0.22686862857429074), np.float64(0.4740546388917903))"
G2_0,DANN,123,,2139,30,30,0.5707286233602022,0.02150548967510368,0.014025245441795231,1.5333414138348924,0.09892849097892854,-6.153937130934127,0.44211228899888255,5,0.4,6,0.3777291178703308,0.03070175438596491,0.01643192488262911,0.23333333333333334,0.05555555555555555,0.23333333333333334,"(np.float64(0.11792239210501232), np.float64(0.40928672330324267))"
G3_2,ours,42,,4067,33,33,0.5396290620633705,0.009626417421839019,0.008114089009097615,1.1863830198369483,0.24153035166298334,-29.010292249573382,0.5590180675826765,4,0.0,5,0.5280086994171143,0.023612750885478158,0.012285012285012284,0.30303030303030304,0.023529411764705882,0.30303030303030304,"(np.float64(0.17375347814547223), np.float64(0.4733845397473445))"
G2_0,ProtoNet,42,,2946,39,39,0.46786271863671247,0.012092932798385796,0.013238289205702648,0.9134815390780655,0.24809274430378445,-17.991965353497076,0.5266753981523304,5,0.8,6,0.5324086201418737,0.0192,0.010238907849829351,0.15384615384615385,0.027823240589198037,0.15384615384615385,"(np.float64(0.07247373845051469), np.float64(0.2972976986573431))"
G1_1,Transformer,123,,3572,52,52,0.6222191870629371,0.018858239413800115,0.014557670772676373,1.2954159843479616,0.09225871075552333,-5.431085370042074,0.7344933802631789,4,0.25,5,0.3088511856774205,0.026385224274406333,0.014164305949008499,0.19230769230769232,0.04342273307790549,0.19230769230769232,"(np.float64(0.10795930648521072), np.float64(0.31899121069194747))"
G3_1,LSTM,123,,2690,28,28,0.6844477836213374,0.02089948538115322,0.010408921933085501,2.0078434169750774,0.058044398443077856,-4.635063212058007,0.5742454222977799,4,0.75,5,0.2798972037858145,0.0353356890459364,0.01858736059479554,0.35714285714285715,0.05144694533762058,0.35714285714285715,"(np.float64(0.20705611972458876), np.float64(0.5417002241777278))"
G1_2,DANN,42,,3050,49,49,0.5945875184462323,0.02018862230840694,0.016065573770491802,1.256638735523289,0.13256244390251093,-7.38606270292969,0.5904989078131726,4,1.0,5,0.4140087068080902,0.03338391502276176,0.018032786885245903,0.22448979591836735,0.042001235330450894,0.22448979591836735,"(np.float64(0.1302483771472861), np.float64(0.35879056187045744))"
G2_2,XGBoost,2026,,3083,38,38,0.518848846253565,0.012155388289739114,0.012325656827765165,0.9861858446648865,0.11444073683070201,-8.4006265720684,0.5091000616537178,4,0.5,5,0.42200748813844197,0.0061633281972265025,0.0032733224222585926,0.05263157894736842,0.031189083820662766,0.05263157894736842,"(np.float64(0.014553902448536798), np.float64(0.17285766881068843))"
G1_2,LSTM,2026,,2245,43,43,0.6189193756204718,0.029145591421488724,0.01915367483296214,1.5216709939823763,0.07297149019068165,-2.8841870482256113,0.5341441137705112,4,0.75,5,0.29980144916425333,0.04918032786885246,0.02696629213483146,0.27906976744186046,0.05555555555555555,0.27906976744186046,"(np.float64(0.16746451821827157), np.float64(0.42691312900129397))"
G3_1,LSTM,2026,,3344,41,41,0.6238822061245136,0.020267994385561802,0.012260765550239234,1.6530773957394798,0.06074753916232219,-4.01613015578037,0.5853055178496862,4,0.75,5,0.27735942618668574,0.03409090909090909,0.01809954751131222,0.2926829268292683,0.05373134328358209,0.2926829268292683,"(np.float64(0.1760901763305888), np.float64(0.44479757076139725))"
G1_0,GAT,42,,2240,42,42,0.6858941028640756,0.048412974136066406,0.01875,2.582025287256875,0.059532611491578076,-2.235742790200421,0.6530069638428092,5,1.0,6,0.2618297212007569,0.07010309278350516,0.03837471783295711,0.40476190476190477,0.11428571428571428,0.40476190476190477,"(np.float64(0.27042647671209086), np.float64(0.5550595447182258))"
G2_0,ProtoNet,123,,2139,30,30,0.6481902955587167,0.026768972068213912,0.014025245441795231,1.908627708463652,0.2233550241489123,-15.151745415584415,0.4398770816303225,5,1.0,6,0.5205853712285529,0.043859649122807015,0.023474178403755867,0.3333333333333333,0.061224489795918366,0.3333333333333333,"(np.float64(0.19230295526846194), np.float64(0.5122027418616973))"
G3_4,ProtoNet,2026,,2565,40,40,0.6408217821782178,0.07765500489272757,0.015594541910331383,4.979627188746155,0.22913106361103766,-13.925790316696325,0.6263811423747939,4,,4,0.5820356954167755,0.04710144927536232,0.025390625,0.325,0.09302325581395349,0.325,"(np.float64(0.20084316962661725), np.float64(0.4798254191110201))"
G2_0,AthleteRate,123,,2139,30,30,0.5,0.014025245441795231,0.014025245441795231,1.0,0.0480571405186141,-2.475214860356663,0.5,5,0.8,6,0.19903498190591074,0.027662517289073305,0.014025245441795231,1.0,0.027662517289073305,1.0,"(np.float64(0.8864829086095221), 1.0)"
G3_3,Transformer,2026,,3128,25,25,0.5705704157267162,0.009879178153715452,0.0079923273657289,1.2360827705928774,0.050667820226496796,-5.390633703371082,0.4907802342657983,4,,4,0.24749692970921533,0.015552099533437015,0.008090614886731391,0.2,0.024024024024024024,0.2,"(np.float64(0.08860454100652487), np.float64(0.3913133553653824))"
G1_4,GAT,42,,2767,19,19,0.5958783421435685,0.0639086534170652,0.0068666425731839535,9.307118105527337,0.06105459231260366,-7.952953411523634,0.5516707662735327,4,,4,0.2625191144259839,0.021015761821366025,0.010869565217391304,0.3157894736842105,0.09090909090909091,0.3157894736842105,"(np.float64(0.15364171004428598), np.float64(0.5398998982493537))"
G2_3,AthleteRate,42,,2366,33,33,0.5,0.013947590870667794,0.013947590870667794,1.0,0.04800381543908288,-2.490410924419158,0.5,4,0.0,5,0.19901719901719903,0.02751146310962901,0.013947590870667794,1.0,0.02751146310962901,1.0,"(np.float64(0.8957265699643882), 1.0)"
G2_1,ProtoNet,123,,3494,57,57,0.5910703438841503,0.020286541663261104,0.01631368059530624,1.243529413533935,0.23281920981786255,-13.508089444323733,0.6190340035812263,4,0.5,5,0.5676426887512207,0.04497354497354497,0.024320457796852647,0.2982456140350877,0.04679144385026738,0.2982456140350877,"(np.float64(0.1953239240924326), np.float64(0.42664525489036853))"
G3_3,Transformer,42,,3455,54,54,0.6429535975257822,0.03842793490208681,0.015629522431259046,2.4586762053094433,0.06946002373628875,-3.514718110363358,0.6679768823721295,4,,4,0.2790935138861338,0.06258503401360545,0.033773861967694566,0.42592592592592593,0.07920792079207921,0.42592592592592593,"(np.float64(0.30331621798657443), np.float64(0.5583750215365371))"
G3_0,ours,123,,5686,61,61,0.6402856102003643,0.020389857706915065,0.010728104115371086,1.900602146254411,0.24520990228102404,-22.10464782760587,0.6123035898218866,5,0.6,6,0.5263429880142212,0.038558256496227995,0.020318021201413426,0.3770491803278688,0.04171779141104295,0.3770491803278688,"(np.float64(0.2661433042836724), np.float64(0.5025237242905762))"
G2_3,XGBoost,2026,,2388,23,23,0.6696755216472102,0.022663952035792728,0.009631490787269681,2.3531094548466536,0.061764604036213935,-5.475142424103091,0.6424267797532582,4,0.25,5,0.3018453834595052,0.03643724696356275,0.01910828025477707,0.391304347826087,0.0625,0.391304347826087,"(np.float64(0.22157377982382145), np.float64(0.5921482039625402))"
G2_0,Transformer,42,,2946,39,39,0.5653727077875684,0.01537403657766867,0.013238289205702648,1.1613310707131257,0.07078119737556958,-4.418433545923534,0.6517178753513282,5,0.6,6,0.29049533036104436,0.0192,0.010238907849829351,0.15384615384615385,0.04,0.15384615384615385,"(np.float64(0.07247373845051469), np.float64(0.2972976986573431))"
G2_2,AthleteRate,2026,,3083,38,38,0.5,0.012325656827765165,0.012325656827765165,1.0,0.04664214106893088,-2.8313747608895468,0.5,4,0.625,5,0.19798234552332913,0.024351169496956104,0.012325656827765165,1.0,0.024351169496956104,1.0,"(np.float64(0.90818706741616), np.float64(0.9999999999999999))"
G3_0,AthleteRate,42,,1608,16,16,0.5,0.009950248756218905,0.009950248756218905,1.0,0.045521727868482936,-3.620912883453716,0.5,5,0.4,6,0.19881656804733727,0.019704433497536946,0.009950248756218905,1.0,0.019704433497536946,1.0,"(np.float64(0.8063865817272802), 1.0)"
G3_1,ProtoNet,2026,,3344,41,41,0.6360662516706911,0.02526390168312929,0.012260765550239234,2.060548468984984,0.22491324586175,-17.571848844558883,0.6120895504534551,4,0.75,5,0.576978269211143,0.045454545454545456,0.024132730015082957,0.3902439024390244,0.06629834254143646,0.3902439024390244,"(np.float64(0.2565593521532712), np.float64(0.5427341610130745))"
G2_4,GAT,2026,,2016,52,52,0.7257118517938275,0.0784866672428019,0.025793650793650792,3.042867714644012,0.0709721188275491,-1.8243856707032298,0.7209315649975655,4,,4,0.27385507257921354,0.13839285714285715,0.07828282828282829,0.5961538461538461,0.1514360313315927,0.5961538461538461,"(np.float64(0.4606733176249609), np.float64(0.7184046457571771))"
G1_3,LSTM,42,,2186,21,21,0.7935664797096668,0.08498323366666338,0.00960658737419945,8.846349942634578,0.058222551333958296,-5.119477640256192,0.7421866403178351,4,1.0,5,0.27032802319032134,0.05240174672489083,0.02745995423340961,0.5714285714285714,0.125,0.5714285714285714,"(np.float64(0.3654621629703244), np.float64(0.7553030051347894))"
G1_1,ProtoNet,42,,5172,73,73,0.627934029503502,0.023016219235406893,0.01411446249033256,1.6306833682948554,0.26921430150959885,-18.34671738544582,0.6690135455997328,4,0.0,5,0.5695564591758371,0.04918032786885246,0.026341463414634145,0.3698630136986301,0.049586776859504134,0.3698630136986301,"(np.float64(0.26822983017391167), np.float64(0.4845082700218156))"
G1_3,AthleteRate,2026,,2401,53,53,0.5,0.022074135776759683,0.022074135776759683,1.0,0.05277798680951265,-1.4449116963249757,0.5,4,0.75,5,0.1986842105263158,0.04319478402607987,0.022074135776759683,1.0,0.04319478402607987,1.0,"(np.float64(0.9324156955469234), 1.0)"
